sentence,video_count
আপনার নাম কি,11
আপনি কি কাজ করেন,7
আবার দেখা হবে,6
কয়টা বাজে,6
শুভ সকাল,6
আপনি কোথায় কাজ করেন,5
আমার গ্রামের বাড়ি রংপুর,5
আমার দেশ বাংলাদেশ,5
আমার বাবা একজন ব্যবসায়ী,5
আমি ভালো আছি,5
আগামীকাল হলো রবিবার,4
আজকে বুধবার আমার জন্মদিন,4
আজকে সোমবার আমার জন্মদিন,4
আপনার কি কিছু প্রয়োজন,4
আপনার বয়স কত,4
আবার কবে দেখা হবে,4
আমি পেয়াজ খাবো,4
আমি মাংস খাবো,4
আমি শুক্রবার বাড়ি যাবো,4
এখন বর্ষাকাল,4
তুমি অনেক মেধাবী,4
তুমি ভালো নাচতে পারো,4
তোমার ছবিটি সুন্দর,4
দয়া করে,4
পারিবারিক সম্পর্ক,4
শুভ অপরাহ্ন,4
শুভ রাত্রি,4
হ্যালো,4
১২ মার্চ আমার জন্মদিন,4
২২ আগষ্ট আমার জন্মদিন,4
২২ জুন আমার জন্মদিন,4
২২ ডিসেম্বর আমার জন্মদিন,4
২২ নভেম্বর আমার জন্মদিন,4
আজ শুক্রবার,4
তোমার বাসা কোথায়,4
আপনি ভালো থাকবেন,4
আমি আপনাকে সাহায্য করব,4
ওই মেয়েটা আমার বন্ধু,4
আজকের দিনটা সুন্দর,4
কিভাবে সাহায্য করতে পারি,4
আমার মুরগি ভালো লাগে,3
আমাকে অল্প খানা দাও,3
আমার খালা অনেক ভালো,3
আমার বৃহস্পতিবার জন্মদিন,3
আমার মা যাচ্ছে,3
আমার মাতৃভাষা বাংলা,3
আমার মেয়ে অনেক সুন্দর,3
আমি ইশারা ভাষা জানি,3
আমি তোমাকে পছন্দ করি,3
সে একজন শারিরীক প্রতিবন্ধী,3
১২ অক্টোবর আমার জন্মদিন,3
১২ এপ্রিল আমার জন্মদিন,3
১২ জানুয়ারি আমার জন্মদিন,3
১২ জুলাই আমার জন্মদিন,3
১২ ফেব্রুয়ারী আমার জন্মদিন,3
১২ মে আমার জন্মদিন,3
আমরা মুরগী দেখছি,3
আমার বাবা ঘোড়া দেখেছে,3
আমার বাবা তেলাপোকা দেখেছে,3
আমার ভাই টিয়া পাখি দেখে নাই,3
আমার ভাই তেলাপোকা দেখেছে,3
আমার ভাই বুধবার দুধ খায়,3
আমার ভাই বুধবার মাংস খায়,3
আমার ভাই বুধবার মাছ খায়,3
আমার ভাই বৃহস্পতিবার দুধ খায়,3
আমার ভাই বৃহস্পতিবার মাংস খায়,3
আমার ভাই বৃহস্পতিবার মাছ খায়,3
আমার মা তেলাপোকা দেখে নাই,3
আমার মা তেলাপোকা দেখেছে,3
আমার মা মুরগি দেখে নাই,3
আমার মা মুরগি দেখেছে,3
আমি টিয়া পাখি দেখি নাই,3
আমি বাঘ দেখি নাই,3
আমি বাঘ দেখেছি,3
আপনি কেমন আছেন,3
আমার বাবা একজন শিক্ষক,3
আমি এপ্রিল মাসে আফ্রিকা যাব,2
আমরা পাখি পছন্দ,2
আমার কাক পছন্দ না,2
আমার কুকুর ভালো লাগে,2
আমার গরু ভালো লাগে,2
আমার ঘোড়া ভাল লাগে,2
আমার ছাগল ভালো লাগে,2
আমার দোয়েল পছন্দ,2
আমার পাহাড় দেখতে ভালো লাগে,2
আমার পৃথিবী দেখতে ভালো লাগে,2
আমার বাঘ ভয় করে,2
আমার বাবা উত্তর দিকে যাবে,2
আমার বাবা ক্ষেত এ যাবে,2
আমার বাবা জমিতে যাবে,2
আমার বাবা দক্ষিণ দিকে যাবে,2
আমার বাবা দীপ দেখতে যাবে,2
আমার বাবা পশ্চিম দিকে যাবে,2
আমার বাবা পূর্ব দিকে যাবে,2
আমার বাবা বনে যাবে,2
আমার বাবা মরুভূমিতে যাবে,2
আমার বাবা মহাদেশে ঘুরতে যাবে,2
আমার বাবা মহাসাগর দেখতে যাবে,2
আমার বাবা সমুদ্র দেখতে যাবে,2
আমার বাবার কাক  পছন্দ না,2
আমার বাবার কুকুর ভালো লাগে,2
আমার বাবার গরু ভালো লাগে,2
আমার বাবার ঘোরা ভালো লাগে,2
আমার বাবার ছাগল ভালো লাগে,2
আমার বাবার দোয়েল পছন্দ,2
আমার বাবার পাখি পছন্দ,2
আমার বাবার পাহাড় দেখতে ভালো লাগে,2
আমার বাবার পৃথিবী দেখতে ভালো লাগে,2
আমার বাবার বাঘ ভয় করে,2
আমার বাবার বিচার ভালো লাগে,2
আমার বাবার ভূমিকম্প ভয় করে,2
আমার বাবার মানচিত্র দেখতে ভালো লাগে,2
আমার বাবার মুরগী ভালো লাগে,2
আমার বাবার সাপ ভয় লাগে,2
আমার বাবার হাস ভালো,2
আমার বিড়াল ভালো লাগে,2
আমার বোন উত্তর দিকে যাবে,2
আমার বোন ক্ষেত এ যাবে,2
আমার বোন জমিতে যাবে,2
আমার বোন দক্ষিণ দিকে যাবে,2
আমার বোন দীপ দেখতে যাবে,2
আমার বোন পশ্চিম দিকে যাবে,2
আমার বোন বনে যাব,2
আমার বোন মরুভূমিতে যাবে,2
আমার বোন মহাদেশে ঘুরতে যাবে,2
আমার বোন মহাসাগর দেখতে যাবে,2
আমার বোন সমুদ্র দেখতে যাবে,2
আমার বোনপূর্ব দিকে যাবে,2
আমার বোনের কাক পছন্দ না,2
আমার বোনের কুকুর ভালো লাগে,2
আমার বোনের গরু ভালো লাগে,2
আমার বোনের ঘোড়া ভালো লাগে,2
আমার বোনের ছাগল ভালো লাগে,2
আমার বোনের দোয়েল পছন্দ,2
আমার বোনের পাখি পছন্দ,2
আমার বোনের পাহাড় দেখতে ভালো লাগে,2
আমার বোনের পৃথিবী দেখতে ভালো লাগে,2
আমার বোনের বাঘ ভয় করে,2
আমার বোনের বিড়াল ভালো লাগে,2
আমার বোনের মানচিত্র দেখতে ভালো লাগে,2
আমার বোনের মুরগি ভালো লাগে,2
আমার বোনের সব ভয় লাগে,2
আমার বোনের হাঁস ভালো লাগে,2
আমার ভাই উত্তর দিকে যাবে,2
আমার ভাই ক্ষেত এ যাবে,2
আমার ভাই জমিতে যাবে,2
আমার ভাই দক্ষিণ দিকে যাবে,2
আমার ভাই দিক দেখতে যাবে,2
আমার ভাই পশ্চিম দিকে যাবে,2
আমার ভাই পূর্ব দিকে যাবে,2
আমার ভাই মরুভূমিতে যাবে,2
আমার ভাই মহাদেশে ঘুরতে যাবে,2
আমার ভাই মহাসাগর দেখতে যাব,2
আমার ভাই সমুদ্র দেখে যাবে।,2
আমার ভাইবোনে যাবে,2
আমার ভাইয়ের কাক পছন্দ না,2
আমার ভাইয়ের কুকুর ভালো লাগে,2
আমার ভাইয়ের গরু ভালো লাগে,2
আমার ভাইয়ের ঘোরা ভাল লাগে,2
আমার ভাইয়ের ছাগল ভালো লাগে,2
আমার ভাইয়ের দোয়েল পছন্দ,2
আমার ভাইয়ের পাখি পছন্দ,2
আমার ভাইয়ের পার দেখতে ভালো লাগে,2
আমার ভাইয়ের পৃথিবী দেখতে ভালো লাগে,2
আমার ভাইয়ের বাঘ ভয় করে,2
আমার ভাইয়ের বিড়াল  ভালো লাগে,2
আমার ভাইয়ের মানচিত্র দেখতে ভালো লাগে,2
আমার ভাইয়ের মুরগি ভালো লাগে,2
আমার ভাইয়ের সাপ ভয় লাগে,2
আমার ভাইয়ের হাস ভালো লাগে,2
আমার ভূমিকম্প ভয় করে,2
আমার মা উত্তর দিকে যাবে,2
আমার মা এর বিড়াল ভালো লাগে,2
আমার মা ক্ষেত এ যাবে,2
আমার মা জমিতে যাবে,2
আমার মা দক্ষিণ দিকে যাবে,2
আমার মা দ্বীপ দেখতে যাবে,2
আমার মা পশ্চিম দিকে যাবে,2
আমার মা পূর্ব দিকে যাবে,2
আমার মা বনে যাবে,2
আমার মা মরুভূমিতে যাবে,2
আমার মা মহাদেশে ঘুরতে যাবে,2
আমার মা মহাসাগর দেখতে যাবে,2
আমার মা সমুদ্র দেখতে যাবে,2
আমার মানচিত্র দেখতে ভালো লাগে,2
আমার মামা উত্তর দিকে যাবে,2
আমার মামা ক্ষেত এ যাবে,2
আমার মামা জমিতে যাবে,2
আমার মামা দক্ষিণ দিকে যাবে,2
আমার মামা দ্বীপ  দেখতে যাবে,2
আমার মামা পশ্চিম দিকে যাবে,2
আমার মামা পূর্ব দিকে যাবে,2
আমার মামা বনে যাবে,2
আমার মামা মরুভূমিতে যাবে,2
আমার মামা মহাদেশে ঘুরতে যাবে,2
আমার মামা মহাসাগর দেখতে যাবে,2
আমার মামার কাক পছন্দ না,2
আমার মামার কুকুর ভালো লাগে,2
আমার মামার গরু ভালো লাগে,2
আমার মামার ঘোড়া ভাল লাগে,2
আমার মামার ছাগল ভালো লাগে,2
আমার মামার দোয়েল পছন্দ,2
আমার মামার পাখি পছন্দ,2
আমার মামার পাহাড় দেখতে ভালো লাগে,2
আমার মামার পৃথিবী দেখতে ভালো লাগে,2
আমার মামার বাঘ ভয় করে,2
আমার মামার বিড়াল ভালো লাগে,2
আমার মামার ভূমিকম্প ভয় করে,2
আমার মামার মানচিত্র দেখতে ভালো লাগে,2
আমার মামার মুরগি ভালো লাগে,2
আমার মামার সাপ ভয় লাগে,2
আমার মামার হাস ভালো লাগে,2
আমার মায়ের কাক পছন্দ না,2
আমার মায়ের কুকুর ভালো লাগে,2
আমার মায়ের গরু  ভালো লাগে,2
আমার মায়ের ঘোরা ভালো লাগে,2
আমার মায়ের ছাগল ভালো লাগে,2
আমার মায়ের দোয়েল পছন্দ,2
আমার মায়ের পাখি পছন্দ,2
আমার মায়ের পাহাড় দেখতে ভালো লাগে,2
আমার মায়ের বাঘ ভয় করে,2
আমার মায়ের মানচিত্র দেখতে ভালো লাগে,2
আমার মায়ের মুরগি ভালো লাগে,2
আমার মায়ের সাপ ভয় লাগে,2
আমার মায়ের হাস ভালো লাগ,2
আমার মার পৃথিবী দেখতে ভালো লাগে,2
আমার সাপ ভয় লাগে,2
আমার হাঁস ভালো লাগে,2
আমি অক্টোবর আফ্রিকা যাব,2
আমি অক্টোবর বিদেশ যাব,2
আমি অক্টোবর রাশিয়া যাব,2
আমি অক্টোবর শ্রীলঙ্কা যাব,2
আমি অক্টোবর সৌদি আরব যাব,2
আমি অক্টোবরে অস্ট্রেলিয়া যাব,2
আমি অক্টোবরে আমেরিকা যাবো,2
আমি অক্টোবরে ইংল্যান্ড যাব,2
আমি অক্টোবরে ইউরোপ যাব,2
আমি অক্টোবরে এশিয়া যাব,2
আমি অক্টোবরে কানাডা যাব,2
আমি অক্টোবরে জাপান যাবো,2
আমি অক্টোবরের চীন যাব,2
আমি আগস্ট আফ্রিকা যাব,2
আমি আগস্ট বিদেশ যাব,2
আমি আগস্ট মাসে আমেরিকা যাবো,2
আমি আগস্ট মাসে ইউরোপ যাব,2
আমি আগস্ট মাসে সৌদি রব যাব,2
আমি আগস্টে অস্ট্রেলিয়া যাব,2
আমি আগস্টে ইংল্যান্ড যাব,2
আমি আগস্টে এশিয়া যাব,2
আমি আগস্টে চীন যাব,2
আমি আগস্টে জাপান যাবো,2
আমি আগস্টের শ্রীলঙ্কায় যাবো,2
আমি আমেরিকা যাবো জানুয়ারিতে,2
আমি উত্তর দিকে যাব,2
আমি এপ্রিল মাসে আমেরিকা যাবো,2
আমি এপ্রিল মাসে ইংল্যান্ড যাব,2
আমি এপ্রিল মাসে ইউরোপ যাব,2
আমি এপ্রিল মাসে কানাডা যাব,2
আমি এপ্রিল মাসে চীন যাবো,2
আমি এপ্রিল মাসে জাপান যাবো,2
আমি এপ্রিলে অস্ট্রেলিয়া যাব,2
আমি এপ্রিলে বিদেশ যাব,2
আমি এপ্রিলে রাশিয়া যাব,2
আমি এপ্রিলে সৌদি আরব যাব,2
আমি ক্ষেত এ যাব,2
আমি জমিতে যাব,2
আমি জানুয়ারিতে অস্ট্রেলিয়া যাব,2
আমি জানুয়ারিতে আফ্রিকা যাব,2
আমি জানুয়ারিতে ইংল্যান্ড যাব,2
আমি জানুয়ারিতে ইউরোপ যাব,2
আমি জানুয়ারিতে এশিয়া যাব,2
আমি জানুয়ারিতে কানাডা যাব,2
আমি জানুয়ারিতে চীন যাব,2
আমি জানুয়ারিতে জাপান যাবো,2
আমি জানুয়ারিতে বিদেশ যাবো,2
আমি জানুয়ারিতে রাশিয়া যাব,2
আমি জানুয়ারিতে সৈদি আরব যাব,2
আমি জুন মাসে অস্ট্রেলিয়া যাব,2
আমি জুন মাসে আমেরিকা যাবো,2
আমি জুন মাসে ইংল্যান্ড যাবো,2
আমি জুন মাসে ইউরোপ যাব,2
আমি জুন মাসে এশিয়া যাব,2
আমি জুন মাসে কানাডা যাব,2
আমি জুন মাসে জাপান যাবো,2
আমি জুন মাসে বিদেশ যাবো,2
আমি জুন মাসে রাশিয়া যাব,2
আমি জুন মাসে সৌদি আরব যাব,2
আমি জুনে আফ্রিকা যাব,2
আমি জুনে চীন যাব,2
আমি জুলাই মাসে অস্ট্রেলিয়া যাব,2
আমি জুলাই মাসে আমেরিকা যাবো,2
আমি জুলাই মাসে ইউরোপ যাব,2
আমি জুলাই মাসে এশিয়া যাব,2
আমি জুলাই মাসে কানাডা যাব,2
আমি জুলাই মাসে বিদেশ যাবো,2
আমি জুলাই মাসে রাশিয়া যাব,2
আমি জুলাই শ্রীলংকা যাব,2
আমি জুলাইয়ে আফ্রিকা যাব,2
আমি জুলাইয়ে ইংল্যান্ড যাব,2
আমি জুলাইয়ে জাপান যাবো,2
আমি জুলাইয়ে সৌদি আরব যাব,2
আমি জুলাইয়ের চীন যাব,2
আমি ডিসেম্বর অস্ট্রেলিয়া যাব,2
আমি ডিসেম্বর আফ্রিকা যাব,2
আমি ডিসেম্বর ইউরোপ যাব,2
আমি ডিসেম্বরে আমেরিকা যাবো,2
আমি ডিসেম্বরে ইংল্যান্ড যাব,2
আমি ডিসেম্বরে এশিয়া যাব,2
আমি ডিসেম্বরে কানাডা যাব,2
আমি ডিসেম্বরে চীন যাবো,2
আমি ডিসেম্বরে জাপান যাবো,2
আমি ডিসেম্বরে বিদেশ যাব,2
আমি ডিসেম্বরে সৌদিআরব যাব,2
আমি ডিসেম্বরের রাশিয়া যাবো,2
আমি ডিসেম্বরের শ্রীলঙ্কা যাব,2
আমি দক্ষিণ দিকে যাব,2
আমি দ্বীপ দেখতে যাব,2
আমি নভেম্বর আফ্রিকা যাব,2
আমি নভেম্বর ইংল্যান্ডে যাব,2
আমি নভেম্বর ইউরোপ যাব,2
আমি নভেম্বর এশিয়া যাব,2
আমি নভেম্বর বিদেশ যাব,2
আমি নভেম্বরে অস্ট্রেলিয়া যাব,2
আমি নভেম্বরে আমেরিকা যাবো,2
আমি নভেম্বরে কানাডা যাব,2
আমি নভেম্বরে চীন যাব,2
আমি নভেম্বরে জাপান যাবো,2
আমি নভেম্বরে রাশিয়া যাব,2
আমি নভেম্বরে শ্রীলঙ্কায় যাবো,2
আমি নভেম্বরে সৌদিআরব যাব,2
আমি পশ্চিম দিকে যাব,2
আমি পূর্ব দিকে যাব,2
আমি ফেব্রুয়ারিতে অস্ট্রেলিয়া যাব,2
আমি ফেব্রুয়ারিতে আফ্রিকা যাব,2
আমি ফেব্রুয়ারিতে আমেরিকা যাব,2
আমি ফেব্রুয়ারিতে ইংল্যান্ড যাব,2
আমি ফেব্রুয়ারিতে ইউরোপ যাব,2
আমি ফেব্রুয়ারিতে এশিয়া যাব,2
আমি ফেব্রুয়ারিতে কানাডা যাব,2
আমি ফেব্রুয়ারিতে চিন যাবো,2
আমি ফেব্রুয়ারিতে জাপান যাবো,2
আমি ফেব্রুয়ারিতে বিদেশ যাব,2
আমি ফেব্রুয়ারিতে রাশিয়া যাব,2
আমি ফেব্রুয়ারিতে সৌদি আরব যাব,2
আমি বনে যাব,2
আমি মরুভূমিতে যাব,2
আমি মহাদেশে ঘুরতে যাব,2
আমি মহাসাগর দেখতে যাব,2
আমি মার্চ মাসে অস্ট্রেলিয়া যাব,2
আমি মার্চ মাসে আমেরিকা যাবো,2
আমি মার্চ মাসে ইংল্যান্ডে যাবো,2
আমি মার্চ মাসে এশিয়া যাব,2
আমি মার্চ মাসে কানাডায় যাব,2
আমি মার্চ মাসে চিন যাবো,2
আমি মার্চ মাসে জাপান যাবো,2
আমি মার্চ মাসে বিদেশ যাবো,2
আমি মার্চ মাসে সৌদি আরব যাব,2
আমি মার্চ মাসেই ইউরোপ যাব,2
আমি মার্চ মাসের রাশিয়া যাব,2
আমি মে মাসে অস্ট্রেলিয়া যাব,2
আমি মে মাসে আফ্রিকা যাব,2
আমি মে মাসে আমেরিকা যাবো,2
আমি মে মাসে ইংল্যান্ড যাব,2
আমি মে মাসে ইউরোপ যাব,2
আমি মে মাসে কানাডা যাব,2
আমি মে মাসে চীন যাব,2
আমি মে মাসে জাপান যাবো,2
আমি মে মাসে বিদেশ যাবো,2
আমি মে মাসে রাশিয়া যাব,2
আমি মে মাসে সৌদি আরব যাব,2
আমি মে মাসের এশিয়া যাব,2
আমি সমুদ্র দেখতে যাব,2
আমি সেপ্টেম্বর ইংল্যান্ড যাব,2
আমি সেপ্টেম্বর জাপান যাবো,2
আমি সেপ্টেম্বর মাসে আমেরিকা যাবো,2
আমি সেপ্টেম্বরে অস্ট্রেলিয়া যাব,2
আমি সেপ্টেম্বরে আফ্রিকা যাব,2
আমি সেপ্টেম্বরে ইউরোপ যাব,2
আমি সেপ্টেম্বরে এশিয়া যাব,2
আমি সেপ্টেম্বরে কানাডা যাব,2
আমি সেপ্টেম্বরে চিন যাবো,2
আমি সেপ্টেম্বরে বিদেশ যাব,2
আমি সেপ্টেম্বরে রাশিয়া যাব,2
আমি সেপ্টেম্বরে শ্রীলঙ্কা যাব,2
আমি সেপ্টেম্বরে সৌদিআরব যাব,2
আমিন মার্চ মাসে আফ্রিকা যাব,2
এপ্রিল মাসে এশিয়া যাব আমি,2
গেঞ্জি পড়লে তোমাকে সুন্দর দেখা যাবে,2
গেঞ্জি পরলে আমাকে সুন্দর দেখা যায়,2
তুমি উত্তর দিকে যাবা,2
তুমি ক্ষেত এ যাবা,2
তুমি জমিতে যাবে,2
তুমি দক্ষিণ দিকে যাবা,2
তুমি দ্বীপ দেখতে যাবে,2
তুমি পশ্চিম দিকে যাবা,2
তুমি পূর্ব দিকে যাবা,2
তুমি বনে যাবা,2
তুমি মরুভূমিতে যাবা,2
তুমি মহাদেশে ঘুরতে যাবে,2
তুমি মহাসাগর দেখতে যাবে,2
তুমি সমুদ্র দেখতে যাবে,2
তোমার পৃথিবী দেখতে ভালো লাগে,2
তোমার পাহাড় দেখতে ভালো লাগে,2
তোমার ভূমিকম্প ভয় করে,2
তোমার মানচিত্র দেখতে ভালো লাগে,2
তোমার মামা সমুদ্র দেখতে যাবে,2
শার্ট পড়লে তোমাকে সুন্দর দেখা যায়,2
শার্ট পরে আমাকে সুন্দর দেখা যায়,2
অই শিশু আমার,2
অতীত ভাবি না,2
অতীতে কি ভাবছো,2
অতীতে তুমি কি ভাবছো,2
অনেক দিন বাচার আগ্রহ আছে,2
অফসে তোমার কাজ কি,2
অফিসে আমি কেন যাবো,2
অফিসে কাজ কি করো,2
অসৎ সাংবাদিক দের তথ্যে আমরা ভুল বুঝি,2
আই লাভ উ,2
আই লাভ বাংলা ভাষা,2
আই লাভ বাংলা,2
আজ আমার জন্মদিন,2
আজকে বন্ধু দিবস,2
আজকে বুধবার,2
আজকে বৃহস্পতিবার,2
আজকে মংগলবার আমার জন্মদিন,2
আজকে মংগলবার,2
আজকে রবিবার আমার জন্মদিন,2
আজকে রবিবার,2
আজকে শনিবার আমার জন্মদিন,2
আজকে শনিবার,2
আজকে শুক্রবার আমার জন্মদিন,2
আজকে শুক্রবার,2
আজকে সোমবার,2
আজকে ১ আগষ্ট,2
আজকের দিনটা অনেক সুন্দর,2
আপনাকে আমার ভালো লেগেছে,2
আপনাকে কীভাবে সহযোগীতা করতে পারি,2
আপনাকে সাহায্য করবো,2
আপনার কাজ অনেক ভালো,2
আপনার জন্মদিন কবে,2
আপনার জামাটা সুন্দর,2
আপনার পেশা কি,2
আপনার সাহায্য জন্য ধন্যবাদ,2
আপনি কাজ কি,2
আপনি কি কাজ করেন।,2
আপনি কেমন আছেন...,2
আপনি কোথায় অফিস করেন,2
আপনি কোথায় থাকেন,2
আপনি দেখতে অনেক সুন্দর,2
আপনি ভালো থাকবেন ওকে,2
আপনি ভালো থাকবেন...,2
আপনিও অনেক ভালো আছেন,2
আমরা অনেক দূর্বল,2
আমরা আনারস খাবো,2
আমরা আম খাবো,2
আমরা আলু খাবো,2
আমরা কফি খাবো,2
আমরা কলা খাবো,2
আমরা চা খাবো,2
আমরা চিনি খাবো না,2
আমরা ডিম খাবো,2
আমরা দূর্বল সবাই,2
আমরা দূর্বল,2
আমরা মাংস খাবো,2
আমরা মানবাধিকারের জন্য স্বাক্ষর করি,2
আমরা রসুন খাবো,2
আমরা শাক খাবো,2
আমরা সবজি খাবো,2
আমরা সবাই আম খাবো,2
আমরা সবাই আলু খাবো,2
আমরা সবাই কাঠাল খাবো,2
আমরা সবাই কোলড্রিংস খাবো,2
আমরা সবাই চা খাবো,2
আমরা সবাই চিনি খাবো না,2
আমরা সবাই জাম খাবো,2
আমরা সবাই ডাল খাবো,2
আমরা সবাই ডিম খাবো,2
আমরা সবাই দূর্বল,2
আমরা সবাই পেয়াজ খাবে,2
আমরা সবাই লবন খাবো না,2
আমরা সবাই শাখ খাবো,2
আমরা সবাই সবজি খাবো,2
আমাকে ভাড়া দিন,2
আমার অনেক কাশি হয়েছে,2
আমার অনেক জর,2
আমার অনেক শর্দি হয়েছে,2
আমার অফিসার আছে,2
আমার আংকেল ভালো,2
আমার আত্মিয় ভালো,2
আমার আরো অনেক লাগবে,2
আমার ইগো আছে,2
আমার কাজ অনেক ভালো,2
আমার চাচী অনেক ভালো,2
আমার পছন্দের ঋতু শীতকাল,2
আমি জানি না ওটা কত ইঞ্চি,2
আমি জানি না ওটা কত কি.মি. দূরুত্ব,2
আমি জানি না ওটা কত কি.মি.,2
আমি তোমাকে দেখে নিবো,2
আমি তোমার সাথে দেখা করতে চাই,2
আমি নোটিশ দেখেছি,2
আমি পরিবার দেখছি,2
আমি পরীক্ষা ফেল করছি,2
আমি পরীক্ষায় পাশ করছি,2
আমি পরে দেখবো তোমাকে,2
আমি পান করবো,2
আমি পুলিশ দেখেছি,2
আমি পুলিশের সাথে কথা বলি,2
আমি পেন্সিল দিয়ে লেখি এরপর রাবার দিয়ে লিখি,2
আমি পড়া লেখা করি,2
আমি পড়ি,2
আমি ফল খাবো,2
আমি বই পড়বো,2
আমি বন্ধুদের সাথে দেখা করবো,2
আমি বর্ডারগার্ড দেখেছি,2
আমি বসবো,2
আমি বাংলা বই পড়ি,2
আমি বাইক পেয়েছি,2
আমি বাক্য লিখি,2
আমি বাজার থেকে ফিরছি ক্লান্ত,2
আমি বাজার থেকে ফিরছি,2
আমি বাজারে যাচ্ছি,2
আমি বিজিবি দেখেছি,2
আমি বিজ্ঞান পড়ি,2
আমি বিজ্ঞান ভাবি,2
আমি বিজ্ঞান সম্পর্কে জানি,2
আমি বিভাগ চাই,2
আমি বিমানবন্দর দেখবো,2
আমি বিরতি নিছি,2
আমি ভদ্র থাকি,2
আমি ভর্তি পরীক্ষা দিয়েছি,2
আমি ভাবছি পড়বো,2
আমি ভালো আছি..,2
আমি ভালো মুখস্থ করছি,2
আমি ভালো সাইকেল চালাই,2
আমি ভয় পাই না,2
আমি মন্দিরে যাবো,2
আমি মাছ খাবো,2
আমি মাথায় তেল দিবো,2
আমি মেন্টালী অসুস্থ,2
আমি ম্যডামের কাছে পড়ি,2
আমি যাদুঘর দেখেছি,2
আমি রসুন খাবো,2
আমি রান্না জানি,2
আমি রেস্টুরেন্টে খাবো,2
আমি লিখতে জানি,2
আমি লুজার হতে চাই না,2
আমি শাক খাবো,2
আমি শারীরিক ভাবে অসুস্থ,2
আমি শ্রমিকের সাথে কথা বলি,2
আমি সংসদ ভোবন দেখেছি,2
আমি সবজি খাবো,2
আমি সাংবাদিককে দেখেছি,2
আমি সিংগেল,2
আমি স্মৃতিশৌধ দেখেছি,2
আমি স্যারের কাছে পড়ি,2
আমি হসপিটালে যাবো,2
আমিও অনেক ভালো আছি,2
আর্মি আমাকে দেখেছে,2
ইংরেজি ভাষা বলি,2
ইংরেজি ভাষা সুন্দর,2
এই বিষয় পরীক্ষা কেমন হয়েছে,2
এই বিষয়টি ভেবেছো,2
একটু সময় হবে কিছু বলতে পারি,2
এখন গ্রীষ্মকাল,2
এখন বসন্তকাল,2
এখন শরৎ কাল,2
এখন শীতকাল,2
এখন হেমন্ত কাল,2
এবং আমার অনেক পছন্দ,2
এবং তারা নরসিংদী থাকে,2
এবং তারা বাংলাদেশে থাকে,2
ঐ মেয়েটি আমার বন্ধু,2
ঔষুধ খাও সুস্থ থাকো,2
করোনাভাইরাসেডাক্তারনার্সপুলিশ সাংবাদিকঅনেকঝুকিনিয়ে,2
কলেজে তুমি যাবা কখন,2
কি ভাবছো,2
কৃষক আমাকে দেখেছে,2
কৃষক আমাকে ধরেছে,2
কেমন আছো,2
কোকো মুভিটি দারুন,2
ক্লাস ৫ এর শিক্ষার্থীরা স্যারকে অনেক পছন্দ করে,2
ক্ষিদা লেগেছে খাবো,2
খাবার ভালো ছিল,2
খালা,2
গতকাল ছিল শুক্রবার,2
গনিত সুন্দর বিষয়,2
চলুন শুরু করি,2
চলো যাই,2
চাচা,2
চাচী আমার অনেক ভালো,2
চিনি খাবো না,2
ছাত্র ছাত্রীরা পড়া লেখা করে,2
ঠিকাছে দেখবো,2
ডাক্তার অনেক ভালো পেশা,2
তাদের মনের কথা,2
তাদের সাথে কথা বলার উপায় কি,2
তার অনেক সর্দি হয়েছে,2
তার স্বাস্থ্য ভালো আছে,2
তার স্বাস্থ্য ভালো নেই,2
তারা সবাই আলু খাবে,2
তারা সবাই ডাল খাবে,2
তারা সবাই পেয়াজ খাবে,2
তাারা আমাকে অনেক পছন্দ করে,2
তিনি অনেক বুদ্ধিমতি,2
তুমি অংক ভালো পারো না,2
তুমি অনেক খুশি,2
তুমি অনেক দূর্বল,2
তুমি অনেক ভালো,2
তুমি আলু খাবে,2
তুমি ইংরেজি বলো কিভাবে,2
তুমি ইশারা ভাষা বলো,2
তুমি উত্তর দিবা,2
তুমি একজন অটিজম,2
তুমি এখন মন্দিরে যাবে,2
তুমি এখন মসজিদে যাবে,2
তুমি এখন যাও,2
তুমি ঔষুধ খাও,2
তুমি কখন হাটবা,2
তুমি কফি খাবে,2
তুমি কি চাও,2
তুমি কি সি পি! কিভাবে,2
তুমি কিভাবে অসুস্থ ঔষুধ খাইছো,2
তুমি কুলি দেখেছো,2
তুমি কোথা থেকে এসেছো,2
তুমি চিঠি লিখবা,2
তুমি চুপ থাকো,2
তুমি জানো,2
তুমি জাম খাবে,2
তুমি জেলে কেন,2
তুমি ডাল খাবে,2
তুমি তরকারিতে রসুন খাবে,2
তুমি দারুন করেছো,2
তুমি দৃষ্টি প্রতিবিন্ধী কীভাবে,2
তুমি নোটিশ দেখেছো,2
তুমি পরীক্ষা পাশ করছো,2
তুমি পেন্সিল দিয়ে লিখো,2
তুমি পেন্সিল সার্পনার দিয়ে কেটেছো,2
তুমি পেয়াজ খাবে,2
তুমি প্যাগোডায় যাবে,2
তুমি পড়ো,2
তুমি ফোন দিও আমাকে,2
তুমি বর্তমানে কি করছো,2
তুমি বাংলা বলো কীভাবে,2
তুমি বাক ও শ্রবন প্রতিবন্ধী কেন,2
তুমি বাক্য লিখো,2
তুমি বিজ্ঞান বই পড়তে যানো,2
তুমি বিভাগ চাও,2
তুমি বিরতি নিছো,2
তুমি ভর্তি কোথায় হয়েছো,2
তুমি ভালো আছো,2
তুমি ভালো গান গাও,2
তুমি ভালো মুখস্থ করছো,2
তুমি মদ্রাসায় কখন যাবে,2
তুমি মাথায় তেল দিবে,2
তুমি মাদ্রাসায় যাবে,2
তুমি রবার দিয়ে মুছো,2
তুমি রসুন খাবে,2
তুমি লখতে জানো,2
তুমি লাল শাক খাবে,2
তুমি সবজি খাবে,2
তুমি সমাজ বই সম্পর্কে জানো,2
তুমি স্কুলে কখন যাবে,2
তুমি হসপিটালে যাও,2
তোমরা কবে বাড়ি যাবা,2
তোমরা সবাই আম খাবে,2
তোমরা সবাই কোলড্রিংস খাবা,2
তোমাদের সবাইকে দেখে নিবো,2
তোমার অনেক জর,2
তোমার অনেক শর্দি হয়েছে,2
তোমার গৃহিনী সুন্দর,2
তোমার ছূটি,2
তোমার ছেলে অনেক সুন্দর,2
তোমার ছেলে কি করে,2
তোমার জন্মদিন ১২ এপ্রিল,2
তোমার জন্মদিন ১২ জুলাই,2
তোমার জন্মদিন ১২ মে,2
তোমার জন্মদিন ২১ আগষ্ট,2
তোমার জন্মদিন ২২ জানুয়ারি,2
তোমার জন্মদিন ২২ জুলাই,2
তোমার জন্মদিন ২২ ডিসেম্বর,2
তোমার জন্মদিন ২২ ফেব্রুয়ারী,2
তোমার জন্মদিন ২২ মার্চ,2
তোমার জন্মদিন ২৫ আগষ্ট,2
তোমার জন্মদিন ২৫ নভেম্বর,2
তোমার জন্মদিন ২৬ অক্টোবর,2
তোমার জন্য শুভ কামনা,2
তোমার জর কি অবস্থা,2
তোমার ডায়েরি সুন্দর,2
তোমার ড্রেসটা দারুন,2
তোমার পরীক্ষা কবে,2
তোমার পরীক্ষা কেমন হয়েছে,2
তোমার প্রতিবেশি কেমন,2
তোমার প্রফেশন প্রকৌশলী,2
তোমার প্রশংসা পত্র কই,2
তোমার প্রশ্ন কি,2
তোমার বউ সুন্দর দেখতে,2
তোমার বর দেখতে সুন্দর,2
তোমার ভবিষ্যত কি হবে,2
তোমার ভাষা কেমন,2
তোমার ভাষা সুন্দর,2
তোমার মাতৃভাষা কি,2
তোমার মিটিং কখন,2
তোমার মিটিং কয়টায় সময়,2
তোমার মেয়ে কি করে,2
তোমার রুটিন দেখেছি,2
তোমার সনদ পত্র কই,2
তোমার স্বাস্থ্য ভালো আছে,2
দেখা করে অনেক ভালো লাগলো,2
দেখা করে খুশি হলাম,2
ধন্যবাদ তোমাকে,2
ধন্যবাদ,2
পরিবার,2
পরীক্ষার প্রশ্ন কেমন,2
ফুফু,2
বন্ধু,2
বর্ডারগার্ড আমাকে ধরেছে,2
বর্তমানে আমি ঘুমাচ্ছি,2
বর্তমানে আমি দাড়াবো,2
বর্তমানে আমি দেখবো,2
বর্তমানে আমি ভাবতেছি,2
বর্তমানে আমি ভালো আছি,2
বর্তমানে আমি ভালো নেই,2
বর্তমানে তুমি কি দেখছো,2
বাংলা আমার মাতৃভাষা,2
বাংলা কেমন ভাষা,2
বাংলা খুব সুন্দর ভাষা,2
বাংলা তোমার মাতৃভাষা,2
বাংলা দেশ ৬ ঋতুর দেশ,2
বাংলাদেশের বিখ্যাত মহিলা কবি,2
বাংলাদেশের বিখ্যাত লেখক,2
বাথরুম কোথায়,2
বাবা ঔষুধ খাও,2
বাবা চিঠি লিখে,2
বাবা জামাটা সুন্দর,2
বাবা নোটিশ দেখেছে,2
বাবা প্রশংসা পত্র দেখবে,2
বাবা বিভাগ চায়,2
বাবা বিরতি নিছে,2
বাবা লখতে জানে,2
বাবা সনদ পত্র দেখবে,2
বাবা,2
বাড়ি কখন যাবা,2
বিজিবি আমাকে ধরেছে,2
বিজ্ঞান সুন্দর বিষয়,2
বিষয় টি ভালো ছিল,2
বিষয়টি নিয়ে কি ভাবছো,2
বিষয়টি ভালো,2
বোন অনেক মেধাবী,2
বোন চিঠি লিখে,2
বোন তোমাকে অনেক পছন্দে করে,2
বোন নোটিশ দেখেছে,2
বোন প্রশংসা পত্র দেখবে,2
বোন বিভাগ চায়,2
বোন বিরতি নিছে,2
বোন লিখতে জানে,2
বোন সনদপত্র দেখবে,2
বোন,2
বোনের পরীক্ষা কেমন হয়েছে,2
বড় বোন চিঠি লিখে,2
বড় বোন নোটিশ দেখেছে,2
বড় বোন বিরতি নিছে,2
বড় বোন লিখতে জানে,2
বড় ভাই চিঠি লিখে,2
বড় ভাই নোটিশ দেখেছে,2
বড় ভাই বিভাগ চাই,2
বড় ভাই বিরতি নিছে,2
বড় ভাই লিখতে জানে,2
ভবিষ্যতে আমি ভালো করবো,2
ভবিষ্যতে তুমি কি করবে,2
ভবিষ্যতে তোমার সুন্দর ভালো,2
ভবিষ্যৎ তোমার ভালো কিছু হবে,2
ভাই চিঠি লিখে,2
ভাই নোটিশ দেখেছে,2
ভাই প্রশংসা পত্র দেখবে,2
ভাই বিভাগ চায়,2
ভাই বিরতি নিছে,2
ভাই লিখতে জানে,2
ভাই সনদ পত্র দেখবে,2
ভাই,2
ভাইয়া তোমাকে অনেক পছন্দ করে,2
ভাইয়ের পরীক্ষা কেমন হয়েছে,2
ভাষা কেমন,2
ভিতরে আসুন,2
ভিতরে এসে বসো,2
ভূগোল দেখেছি বিষয়টি সুন্দর,2
ভূগোল বিষয় সুন্দর,2
ভেতরে আসুন বসুন,2
মা ঔষুধ খাও,2
মা চিঠি লিখে,2
মা জামাটা সুন্দর,2
মা নোটিশ দেখেছে,2
মা প্রশংসা পত্র দেখবে,2
মা বিভাগ চায়,2
মা বিরতি নিছে,2
মা লিখতে জানে,2
মা সনদপত্র দেখবে,2
মা,2
মাদ্রাসায় আমি যাবো,2
মামা,2
মামী আমার অনেক ভালো,2
মামী বুধবার দুধ খায়,2
মামী বুধবার ভাত খায়,2
মামী বুধবার মাংস খায়,2
মামী বুধবার মাছ খায়,2
মামী বৃহস্পতিবার দুধ খায়,2
মামী বৃহস্পতিবার ভাত খায়,2
মামী বৃহস্পতিবার মাংস খায়,2
মামী বৃহস্পতিবার মাছ খায়,2
রং য়ের নাম কালো,2
রঙ এর নাম কমলা,2
রঙ এর নাম কি,2
রঙ এর নাম গোলাপী,2
রঙ এর নাম নীল,2
রঙ এর নাম সবুজ,2
রঙ এর নাম সাদা,2
রঙ এর নাম হলুদ,2
রিকশাচালক কে সঠিক ভাড়া দিন,2
রেস্টুরেন্ট দেখেছি,2
লবন খাবো না,2
শুক্রবার সাপ্তাহিক ছুটি,2
শুনতে পারি না,2
শুভ জন্মদিন,2
সবাই ডিম খাবো,2
সবাই তাকে অনেক শ্রদ্ধা করে,2
সবাই দুধ খাবে,2
সবাই মাংস খাবে,2
সবাই সাদর অভ্যন্তনা,2
সালাম বাংলা ইশারা ভাষায়,2
সে অনেক দূর্বল,2
সে অনেক সুস্থ্য আছে,2
সে আনারস খাবে,2
সে আম খাবে,2
সে আলু খাবে,2
সে একজন জেলে,2
সে এখন দূর্বল,2
সে এখন প্যগোডায় আছে,2
সে এখন মন্দিরে যাবে,2
সে কখন হাটবে,2
সে কফি খাবে,2
সে কলা খাবে,2
সে কাজে অনেক ভালো,2
সে কাঠাল খাবে,2
সে কি কাজ করে,2
সে কোলড্রিংস খাবে,2
সে চা খাবে,2
সে চিনি খাবে না,2
সে চিনি খাবে,2
সে জাম খাবে,2
সে দুধ খাবে,2
সে পেয়াজ খাবে,2
সে মাংস খাবে,2
সে শাক খাবে,2
সে হসপিটালে গেছে,2
স্ত্রী,2
স্বামী,2
স্বাস্থ্য ভালো আছে,2
স্যার তোমাকে অনেক পছন্দ করে,2
হাই আপনারা সবাই কেমন আছেন,2
হ্যা আমি পারবো,2
আমার চাচা সোমবার দুধ খায়,2
আমি বাসে যাবো,2
আমি ভুলে যাওয়া রোগে আক্রান্ত,2
আমি সেলস কেয়ার করি,2
আমি হেটে হেটে যাবো যানবাহনে না,2
তুমি কিভাবে সেল্ফ কেয়ার করো,2
তুমি যানবাহনে যাও,2
আমি সোমবারে রাশিয়া যাব,2
আমি সোমবারে রোজা রাখি,2
আমি সোমবারে শ্রীলংকা যাব,2
আমি সোমবারে সৌদি আরব যাব,2
আমি সৌদি আরব যাব,2
আমি স্কুল যাই,2
আমি হসপিটাল এ যাবো,2
আমি হেমন্ত কালে বাড়িতে যাই,2
আর তোমার ভাই কি করে,2
আর মা ক্রিকেট খেলা পছন্দ করে,2
ইশারায় দাদ ও নানা একই,2
এপ্রিল মাসেও গ্রীষ্মকাল থাকে,2
কমলা অনেক সুন্দর,2
খালু ফুটবল খেলা পছন্দ করে,2
গ্লাভস পড়লে আমাকে সুন্দর দেখা যায়,2
গ্লাস পড়লে তোমাকে সুন্দর দেখা যায়,2
চশমা পরলে আমাকে সুন্দর দেখা যায়,2
চশমা পরলে তোমাকে সুন্দর দেখা যায়,2
জানুয়ারিতে গ্রীষ্মকাল থাকে,2
জানুয়ারিতে ঘুরতে যাব,2
জানুয়ারিতে বাড়িতে যাব,2
জুতা পড়লে আমাকে সুন্দর দেখা যায়,2
জুতা পড়লে তোমাকে সুন্দর দেখা যায়,2
জুন মাসে ঘুরতে যাব,2
জুন মাসে বর্ষাকাল থাকে,2
জুন মাসে বাড়িতে যাব,2
জুলাই মাসে ঘুরতে যাব,2
জুলাই মাসে বাড়িতে যাব,2
জুলাই মাসেও বর্ষাকাল থাকে,2
টাই পড়লে আমাকে সুন্দর দেখা যায়,2
টাই পড়লে তোমাকে সুন্দর দেখা যায়,2
টয়লেট কোন দিকে,2
ডাল খেতে ভালো লাগে,2
ডিসেম্বরে শীতকাল থাকে,2
তুমি অনেক ভালো,2
তুমি অনেক মেধাবী শিক্ষার্থী,2
তুমি অফিসে যাও,2
তুমি আমার বোন,2
তুমি আমার ভাই,2
তুমি একজন বাবুর্চি,2
তুমি কসাই,2
তুমি কি বিমানবন্দরে যাবে,2
তুমি কি বেল খাও,2
তুমি কি মিটিং এ যাও,2
তুমি ডায়েরি লেখ,2
তুমি বই পড়,2
তুমি বাসা কোথায়,2
তুমি রেস্টুরেন্টে যাও,2
তোমাকে অনেক ধন্যবাদ,2
তোমার কাজ কি,2
তোমার কি কামরাঙ্গা ভালো লাগে,2
তোমার খালা কোথায় কাজ করে,2
তোমার খালা ভালো মানুষ,2
তোমার খালাতো বোনের নাম কি,2
তোমার খালাতো ভাই এর নাম কি,2
তোমার খালার নাম কি,2
তোমার খালু ভালো মানুষ,2
তোমার খালুর নাম কি,2
তোমার চাচা ভালো মানুষ,2
তোমার চাচাতো বোনের নাম কি,2
তোমার চাচাতো ভাই কোথায় কাজ করে,2
তোমার চাচাতো ভাই ভালো মানুষ,2
তোমার চাচাতো ভাইয়ের নাম কি,2
তোমার চাচার নাম কি,2
তোমার চাচি কি করেন,2
তোমার চাচি কোথায় কাজ করে,2
তোমার চাচীর নাম কি,2
তোমার দাদার নাম কি,2
তোমার দাদি সুন্দর,2
তোমার দাদীর নাম কি,2
তোমার নানীর  নাম কি,2
তোমার নাম কী,2
তোমার ফুফা কোথায় কাজ করে,2
তোমার ফুফাতো বোন ভালো মানুষ,2
তোমার ফুফাতো বোনের নাম কি,2
তোমার ফুফাতো ভাইয়ের নাম কি,2
তোমার ফুফার নাম ক,2
তোমার ফুফি কোথায় কাজ করে,2
তোমার ফুফু ভালো মানুষ,2
তোমার ফুফুর নাম কি,2
তোমার বাবা কি করে,2
তোমার বাবা কোথায় কাজ করে,2
তোমার বাবা ভালো,2
তোমার বাবার নাম কি,2
তোমার বোন কোথায় কাজ করে,2
তোমার বোন ভালো,2
তোমার বোনের নাম কি,2
তোমার ভাই কোথায় কাজ করে,2
তোমার ভাইয়ের নাম কি,2
তোমার মা অনেক সুন্দর,2
তোমার মা কি করে,2
তোমার মা কোথায় কাজ করে,2
তোমার মা বিদেশ যাবে,2
তোমার মামা কোথায় কাজ করে,2
তোমার মামা ভালো মানুষ,2
তোমার মামাতো বোনের নাম কি,2
তোমার মামাতো ভাই ভালো,2
তোমার মামাতো ভাইয়ের নাম কি,2
তোমার মামার নাম কি,2
তোমার মামি ক্রিকেট খেলা পছন্দ করে,2
তোমার মামী কোথায় কাজ করে,2
তোমার মামী ভালো মানুষ,2
তোমার মামীর নাম কি,2
তোমার মায়ের নাম কি,2
তোমার মায়ের ফুলকপি খেতে ভালো লাগে,2
তোমার স্যার কেমন,2
দাদি ও নানি ইশারা ভাষার একই,2
নভেম্বর মাসে শীতকাল থাকে,2
পাঞ্জাবি পরলে আমাকে সুন্দর দেখা যায়,2
পাঞ্জাবি পরলে তোমাকে সুন্দর দেখা যায়,2
ফেব্রুয়ারি মাসে গ্রীষ্মকাল থাকে,2
বুধবারে মসজিদে যাই,2
বৃহস্পতিবার অফিস যাব,2
বৃহস্পতিবারে ভুটান যাবো,2
বৃহস্পতিবারে রোজা রাখি,2
ভেতরে আসুন এবং বসুন,2
মঙ্গলবারে মুভি দেখতে যাব,2
মজা পড়লে আমাকে সুন্দর দেখা যায়,2
মজা পড়লে তোমাকে সুন্দর,2
মা পেয়ারা খেতে পছন্দ করে,2
মাংস খেতে সুস্বাদু,2
মাই ফেব্রুয়ারিতে পাকিস্তান যাব,2
মামি লিচু খেতে পছন্দ করে,2
মার্চে গ্রীষ্মকাল থাকে,2
মায়ের ভাষায় কথা আমার ভালো লাগে,2
মুরগী খেতে ভালো লাগে,2
মে মাসে গ্রীষ্মকাল থাকে,2
মে মাসে ঘুরতে যাব,2
মে মাসে বাড়িতে যাব,2
শনিবারে ঘুরতে যাব,2
সবজি আমার ভালো লাগে,2
সাল করলে তোমাকে সুন্দর দেখা যায়,2
সাল পরলে আমাকে সুন্দর দেখা যায়,2
সেপ্টেম্বরে শরৎকাল থেকে,2
সোয়েটার পড়লে আমাকে সুন্দর দেখা যায়,2
সোয়েটার পড়লে তোমাকে সুন্দর দেখা যায়,2
অনেক বেশি গরম তো সব সময় আমাদের দরকার পানি খাওয়া,2
অনেক বেশি গরমের পর শান্তি মিলছে,2
অনেক মানুষ দরিদ্র,2
আকাশের রং নীল,2
আজ অনেক বেশি গরম,2
আজ ছুটির দিন,2
আজ বৃষ্টি হয়েছে,2
আজকে রাস্তায় অনেক যানজট ছিল,2
আপনার গলা ব্যথা,2
আপনার গ্রামের বাড়ি কোথায়,2
আপনার পছন্দের রং কি,2
আপনার বাড়ি কোথায়,2
আপনি কোথায় পড়াশোনা করেছেন,2
"আপনি লবণ, গরম পানি দিয়ে কুলি করবেন",2
আবহাওয়া গরম,2
আমরা বিকেলে বেড়াতে যাবো,2
আমরা সব সময় আল্লাহর কাছে পাৰ্থনা চাই,2
আমাকে লাল লিপস্টিক দাও,2
আমাদের বাসায় পানির বিলের টাকা অনেক বেশি এসেছে,2
আমার অনেক জোর,2
আমার অনেক দুর্বল লাগছে,2
আমার অনেক রক্ত কম,2
আমার অনেক রাগ,2
আমার একটি লাল রঙের জামা আছে,2
আমার করোনা ভাইরাস হয়েছে,2
আমার কাজের চাপ বেশি,2
আমার খাবারের স্বাদ নেই,2
আমার খুব বেশি মাথা বেথা,2
আমার গ্রামের বাসা ফরিদপুর,2
আমার গ্রামের বাড়ি ময়মনসিং,2
আমার ডেঙ্গু জোর হয়েছে,2
আমার পছন্দের রং কালো,2
আমার পছন্দের রং লাল,2
আমার পছন্দের রং সাদা,2
আমার পড়াশুনা শেষ,2
আমার বাবা বাজারে গিয়েছে,2
আমার বাশা ঢাকায়,2
আমার বাসা গ্রামে,2
আমার বাসা ভাড়া ৩০০০০,2
আমার বাসা সিলেট বিভাগে,2
আমার বাসা সিলেটে,2
আমার বাসার রং সাদা,2
আমার বাসায় বসে থাকতে ভালো লাগে না,2
আমার বাসায় ভালো লাগে না,2
আমার বেশি কমলা খেতে পসন্দ,2
আমার বয়স ২০,2
আমার ভাই অফিস করে,2
আমার মেকআপ করা পছন্দ,2
আমার শরীর ভালো না,2
আমার শশুর বাড়ি রাজশাহীতে,2
আমার শোনার বাংলা,2
আমার সাবান পছন্দ,2
আমার স্বাদ নেই,2
আমি অনেক দিন থেকে শুয়ে আছি,2
আমি অনেক দুর্বল,2
আমি অফিসে যাই,2
আমি আজ রঙের ইশারা করবো,2
"আমি আজকে রান্না করেছি মাছ, ভাত, সবজি, মাংস, ডাল",2
আমি আজকে শ্যাম্পু দিয়ে গোসুল করেছি,2
আমি আমার পরিবারের সাথে কথা বলি,2
আমি আমার বাবাকে ভালোবাসি,2
আমি আমার মাকে বেশি পছন্দ করি,2
আমি আমার সন্তানকে পসন্দ করি,2
আমি এখন দুর্বল,2
আমি কমলা খেতে পছন্দ করি,2
আমি কারণে ভিরুসের টিকা নেই নাই,2
আমি কুয়াকাটা বেড়াতে গিয়েছিলাম,2
আমি খুব সকালে  ঘুম থেকে উঠি,2
আমি ছোট বাচ্চাদের আদর করি,2
আমি ছোট মাছ  না,2
আমি টক খেতে পারি না,2
আমি ঢাকা বিশ্ববিদ্দালয় থেকে পড়াশোনা শেষ করেছি,2
আমি ঢাকাতে থাকি,2
আমি ঢাকাতে পড়াশোনা করেছি,2
আমি তুমাকে পছন্দ করি,2
আমি তোমাকে ভয় পাই,2
আমি তোমাকে সাহায্য করব,2
আমি তোমায় ভালোবাসি,2
আমি দুকানে যাবো একটি কাজল কিনতে,2
আমি প্রতিদিন ইশারা ভাষা অনুশীলন করি,2
আমি প্রতিদিন ইশারা ভাষা কয়েক মানুষদের কে শিক্ষায়,2
আমি প্রতিদিন গোসুল করি,2
আমি প্রতিদিন দুপুর ২তায় খাই,2
আমি প্রতিদিন নামাজ পড়ি,2
আমি প্রতিদিন লেবুর চা খাই,2
আমি প্রতিদিন সি এন জি দিয়ে অফিসে যাই,2
আমি প্রতিদিন সি এন জি দিয়ে যাই,2
আমি প্রতিদিন ১০টা করে রুটি বানাই,2
আমি পড়াশোনা করি,2
আমি বাংলাদেশকে ভালবাসি,2
আমি বিদেশে বেড়াতে যাবো,2
আমি বিমানে করে সৌদি আরব যাবো,2
আমি বিশ্ববিদ্যালয়ে যাই,2
আমি বেশি খেতে পারি না,2
আমি বেড়াতে যেতে পছন্দ করি,2
আমি বড়ো ব্যক্তিদের সম্মান করি,2
আমি মিষ্টি খেতে পছন্দ করি,2
আমি রাতে অনেক বেশি সময় দেরি করে ঘুমাতে যাই,2
আমি রাতে দেরি করে ঘুমাই,2
আমি রাতে রুটি খাই,2
আমি শহরে থাকি,2
আমি সি এন জির ড্রাইভারের পাশে বসি,2
আমি স্কুলে যাবো,2
ইশারা ভাষা আমাদের সবার শিখা দরকার,2
"এখন আমার অনেক জোর, কাশি, সর্দি আছে",2
"এখন সকাল, সময় ১০টা",2
কক্স বাজার পরিষ্কার,2
কমলার জিউস খাবেন,2
করোনা ভাইরাস কিভাবে ছড়ায়,2
কাছে আসলে দেখি পেছনের বসার জায়গা ভরা,2
কালো রঙে আমার একটি জামা আছে,2
কালো রঙের জামা আমার আছে,2
কোন সময় বাসায় আসবে,2
খাবার নেই,2
গতকাল ভূমিকম্প হয়েছিল,2
গরম পানি দিয়ে কুলি করবেন,2
গরম পানি দিয়ে কুলি করি,2
গরম পানির ভাপ নিবেন,2
গরমকালে মশা বেশি হয়,2
গরমে আরাম হবে,2
গরমে বারবার পানি পান করবেন,2
গরমে মশারি খুলে যাবে না,2
গরমে মাথা গরম করবেন না,2
গরমে রোদে কম যাবেন,2
গরমে শরবত পান করা ভালো,2
গোসুল করবেন পরিষ্কার হবেন,2
গ্যাস বিল ৯৫০ টাকা,2
গ্রামে রোদে যাবেন না,2
ঘুম থেকে উঠো,2
চিরদিন তোমার আকাশ তোমার বাতাস আমার প্রাণে বজায় বাঁশি,2
ছোট ছেলে-মেয়েদের সব সময় পানি শরবত খাওয়াবেন,2
ডেঙ্গু জ্বর হলে পাকা পেঁপের শরবত খাবেন,2
ডেঙ্গু জ্বর হলে পেঁপে খাবেন,2
ঢাকায় অনেক মানুষ বেশি বসবাস করে,2
তুঁমি অনেক ভালো,2
তুমাকে দেখতে অনেক বেশি দুর্বল লাগছে,2
তুমাকে নীল রঙের জামায় সুন্দর লাগছে,2
তুমার অনেক ভালো মন,2
তুমার আজ রান্না মজা,2
তুমার আসতে এত দেরি হলো কেন,2
তুমার চেহারা খুব সুন্দর,2
তুমার চেহারা সুন্দর না,2
তুমার সাথে তার কি সম্পর্ক,2
তুমি অনেক  ভালো মনের মানুষ,2
তুমি অনেক বেশি চুপ,2
তুমি অনেক শান্ত,2
"তুমি আজ দুপুরে ভাত, মাছ, ঘোস্ট, সবজি, ডাল রান্না করবে",2
তুমি এতো ঝগরা কেন করো,2
তুমি কি খেতে পছন্দ করো,2
তুমি কোথায় যাচ্ছ,2
তুমি কোন সময় বাসায় আসবে,2
তুমি কোনটা খাবে,2
তুমি দুপুরে রান্না করবে,2
তুমি দেখতে খুব ফর্সা,2
তুমি দেখতে সুন্দর,2
তুমি পানি দিয়ে গোসুল করবে সাবান শ্যাম্পু দিয়ে গোসুল করবে,2
তুমি প্রতিদিন নামাজ পড়বে আল্লাহর কাছে দুয়া চাবে,2
তুমি প্রতিদিন নামাজ পড়বে,2
তুমি বার বার ঝগড়া কেন করো,2
তুমি রুটি ভাজ,2
তুমি রুটি রান্না করো,2
তোমাকে দেখতে সুন্দর লাগছে,2
দাঁত ব্রাশ করে মুখ ধুয়া শেষ করে সকালের খাবার খেতে আসো,2
দাঁত ব্রাশ শেষ করে সকালের খাবার খেতে আসো,2
দুপুরের রান্না শেষ। খাবার খেতে আসো,2
দূর থেকে দেখলে আমার মনে হয় বাসার পেছনের সিট সি এন জি,2
দূর থেকে দেখলে মনে হয় আমার পেছনের সি এন গের বসার সিট খালি,2
দূর থেকে দেখলে মনে হয় সি এন গের পেছনের বসার সাথে মানুষ নেই,2
পরিষ্কার রাখতে হবে,2
পরে করোনা ভাইরাসের টিকা নিবো,2
পাকা পেঁপের শরবত খাবেন,2
পানি জমা রাখা হবে না,2
পানি বেশি বেশি খাবেন,2
পেছনে বসার জিয়াই মানুষ বসে আছে,2
পোকার ভিতরের গোল লাল,2
প্রচন্ড গরম,2
প্রতিদিন অদা লেবুর চা খাবেন,2
প্রতিদিন আপনাকে গরম পানি খেতে হবে,2
প্রতিদিন আমাকে ওষুধ খেতে হয়,2
প্রতিদিন গোসুল এর সময় সাবান শ্যাম্পু দিয়ে গোসুল করি,2
"প্রতিদিন লেবু, অদা মিশিয়ে চা খাবেন",2
প্রতিদিন হাত সাবান দিয়ে পরিষ্কার করবেন,2
প্রত্যেকদিন পানি তে গোসল,2
প্রধান মন্ত্রী আমাকে একটি বাসা দিয়েছে সাহায্য করেছে,2
প্রধান মন্ত্রী আমাদের অনেক সাহায্য দিচ্ছে,2
ফুলে পানি জমা রাখা যাবে না,2
ফুলের টব এ পানি রাখা যাবে না,2
বসন্তকালে অনেক বেশি ফুল ফুটে,2
বাংলা ইশারা ভাষা দিবস,2
বাংলা ইশারা ভাষা,2
বাংলাদেশে অনেক মানুষ বেকার,2
বাংলাদেশের পতাকার রং লাল সবুজ,2
বাসার আশে পাশে পরিষ্কার রাখতে হবে,2
বাসায় আসলে মাস্ক খুলে রাখি,2
বাসায় পানি জমা রাখা যাবে না,2
বাসায় মশারির ভিতরে ঘুমাবেন,2
বাহিরে গেলে আপনারা সাবধানে থাকবেন মাস্ক পড়বেন,2
"বাহিরে গেলে আমি মাস্ক পড়ি, হাত ধুই",2
বাহিরের বিদেশী মানুষ বেড়াতে আসে,2
বিকাল ৫তায় উঠে নামাজ পড়ি,2
বিকালের খাবার খাও,2
বিকেলের নাস্তা বাচ্চাদের খেতে দেয়,2
বিদ্যুৎ বিল ২৫০,2
বুঝতে পেরেছেন,2
বৃষ্টি হয়েছে অনেক,2
বৃষ্টিতে ঠান্ডা বরফ হয়েছে,2
ব্রাশ করে মুখ ধোয়,2
ভালোবাসা দিবস,2
ভাষায় আসলে প্রথম সাবান দিয়ে হাত ধুবেন,2
ভূমিকম্প হতে সাবধান,2
মশা থেকে সাবধান,2
মাস্ক খুলবেন আবার সাবান দিয়ে হাত ধুবেন,2
মুরগির মাংস আমার পছন্দ,2
"রাতে তুমি আলু ভর্তা, ডাল রান্না করবে",2
রাতে পরোটা সবজি খাবো,2
রাতে মশারিতে ঘুমাতে হবে,2
রাতে মশারী টানাবেন,2
রাতে রান্না করো,2
রাত্রে মশারি টানতে হবে,2
লবনাক্ত গরম পানি দিয়ে কুলি করবেন,2
লাল একটি ব্যান্ড আছে,2
লাল রঙের চুড়ি আছে,2
লেবু খাবেন বেশি,2
লেবুর শরবত খাওয়া,2
শিঙাড়া রান্না করো,2
সকাল সন্ধা মশা সাবধান,2
"সকালে তুমি পাও রুটি, ডিম্, জেলি খাবে",2
সকালের খাবার খাও,2
সকালের খাবার খেতে আসো,2
সব সময় ঝগড়া ভালো না,2
সবসময় সাবান পানি দিয়ে হাত পরিষ্কার করবেন,2
সবাই সাবধানে থাকবেন,2
সবাইকে ভালো বাসি,2
সাত দিনের নাম,2
সাদা রং আমার বেশি পছন্দ,2
সারা রাত খুব বেশি বৃস্টি হয়েছে,2
সারাদিন বৃষ্টি হচ্ছে,2
সি এন জি সামনে যখন আসে আমি দেখি পেছনে বসার জায়গা খালি না,2
সি এন জির সামনে বেশি,2
সিঙ্গাপুর দেখতে সুন্দর জায়গা,2
সিঙ্গাপুর দেখতে সুন্দর,2
সে তুমার কি হয়,2
হলুদ রং দেখতে সুন্দর,2
হাত সাবান দিয়ে ধুয়ে,2
৩টায় ঘুমাই,2
৪ পাশে পতাকা সবুজ,2
৭ ফেব্রুয়ারী শ্রবণ ও প্রতিবন্দি বেক্তিগনের ইশারা ভাষা দিবসে অনুষ্ঠান উজ্জাপন করে,2
৭ই ফেব্রুয়ারি আমাদের বাংলা ইশারা ভাষা দিবস,2
অতীত কেমন ছিলো,2
অতীত ভুলে যাও,2
আজ কোন দিন,2
আজ ছুটি,2
আজ বুধবার,2
আজ বৃহস্পতিবার,2
আজ মঙ্গলবার,2
আজ রোববার,2
আজ শনিবার,2
আজ সোমবার,2
আজকের দিন শুভ হোক,2
আপনাকে ধন্যবাদ,2
আপনার কাজের জায়গা কই,2
আপনার কিছু দরকার আছে,2
আপনার বর্তমান সময় কেমন,2
আপনার শরীর কেমন,2
আপনি আসুন এবং বসুন,2
আপনি ইশারা ভাষা জানেন কি,2
আপনি দেখতে সুন্দর,2
আমর পরিবার জাদুঘরে যাব,2
আমরা সবাই রেস্টুরেন্টে যাবো,2
আমার অতীত ভালো,2
আমার ছুটি শেষ,2
আমার নাম ভালো,2
আমার পরিবার বাহিরে যাবে,2
আমার প্রিয় রং আছে,2
আমার বাইরে যেতে ভালো লাগে,2
আমার বাবা অংকের শিক্ষক,2
আমার বাবা ইংরেজির শিক্ষক,2
আমার বাবা ইশারার ভাষা জানেন,2
আমার বাবা একজন উকিল,2
আমার বাবা একজন চাকরিজীবি,2
আমার বাবা একজন ডাক্তার,2
আমার বাবা একজন শ্রমিক,2
আমার বাবা জাদুঘরে যাবে,2
আমার বাবা রেস্টুরেন্টে যাবে,2
আমার বাবা হাসপাতালে যাবে,2
আমার বাবার ছুটি,2
আমার বাবার বাড়ি কোথায়,2
আমার বোন অংক ভালো করে,2
আমার বোন ইশারা ভাষা ভালো পারে,2
আমার বোন একজন উকিল,2
আমার বোন একজন ডাক্তার,2
আমার বোন এখন বাহিরে যাবে,2
আমার বোন জাদুঘরে যাবে,2
আমার বোন ফেল করেছে,2
আমার বোন রেস্টুরেন্টে যাবে,2
আমার বোন হাসপাতালে যাবে,2
আমার বোনের প্রিয় রং কি,2
আমার বোনের ভূগোল ভালো লাগে,2
আমার ভাই অংক ভালো পারে,2
আমার ভাই একজন উকিল,2
আমার ভাই একজন চাকরিজীবি,2
আমার ভাই একজন ডাক্তার,2
আমার ভাই একজন শ্রমিক,2
আমার ভাই এখন বাহিরে যাবে,2
আমার ভাই জাদুঘরে যাবে,2
আমার ভাই ফেল করেছে,2
আমার ভাই রেস্টুরেন্টে যাবে,2
আমার ভাই হাসপাতালে যাবে,2
আমার ভাইয়ের প্রিয় রঙ কি,2
আমার ভাষা বাংলা,2
আমার ভূগোল ভালো লাগে,2
আমার মা অংকের শিক্ষক,2
আমার মা ইংরেজি শিক্ষক,2
আমার মা একজন উকিল,2
আমার মা একজন ডাক্তার,2
আমার মা জাদুঘরে যাবে,2
আমার মা বাহিরে যাবে,2
আমার মা রেস্টুরেন্টে যাবে,2
আমার মা হাসপাতালে যাবে,2
আমার শরীর ভালো,2
আমি অংক ভালো পারি,2
আমি আগামীকাল বেড়াতে যাবো,2
আমি আপনাকে কিভাবে সাহায্য করতে পারি,2
আমি ইংরেজিতে কথা বলি,2
আমি ইশারা ভাষা ভালো পারি,2
আমি জাদুঘরে যাব,2
আমি তোমাকে দেখছি,2
আমি দুঃখীত,2
আমি ফেল করেছি,2
আমি বাংলায় কথা বলি,2
আমি বাহিরে যাবো,2
আমি ভবিষ্যৎ নিয়ে ভাবছি,2
আমি ভাত খাবো,2
আমি হাটছি,2
এখন কয়টা বাজে,2
এখন থেকে বিরতি,2
এখন বর্তমান চলছে,2
এটা আমার পরিবার,2
ওইটা মাছ,2
কলম আছে,2
কাজ বন্ধ রাখো,2
কোন ভাষা পড়ছো,2
কোন ভাষা ভালো,2
ক্রিকেট দেখি,2
খাদ্য এবং ফল,2
খুলনা যাবো,2
চতুর্থটি D,2
টেলিভিশন দেখছি,2
ঢাকা যাবো,2
তিনি আমার বাবা,2
তিনি আমার মা,2
তুমার ছুটি,2
তুমার নাম ভালো,2
তুমি আমার বন্ধু,2
তুমি আসো,2
তুমি ইংরেজি পারো,2
তুমি কবে বাড়ি যাবে,2
তুমি কি অংক পারো,2
তুমি কি বাহিরে যাবে,2
তুমি ঘুমাও,2
তুমি যাও,2
তৃতীয়টি C,2
তোমার অতীত কেমন,2
তোমার প্রিয় রং কি,2
তোমার বাহিরে যেতে কেমন লাগে,2
তোমার বিরতি শেষ,2
তোমার ভাষা কি,2
তোমার ভূগোল কেমন লাগে,2
তোমার মাতৃভাষা বাংলা কি,2
দেখা করে আমার অনেক ভালো লাগলো,2
দ্বিতীয় B,2
দয়া করুন,2
পঞ্চম E,2
প্রথমটি A,2
ফুটবল দেখি,2
ফ্যান ঘোরে,2
বই পড়ি,2
বর্তমান সময় ভালো,2
বাবার মাতৃভাষা বাংলা,2
বিরতির সময় দাও,2
বোনের মাতৃভাষা বাংলা,2
ভবিষ্যৎ নিয়ে ভাবো,2
রংপুর যাবো,2
শুক্রবারে বন্ধ,2
ষষ্ঠ F,2
সে আপনার স্ত্রী,2
সে আমার খালা,2
সে আমার চাচা,2
সে আমার ফুফু,2
সে আমার বোন,2
সে আমার বোনের ম্যাডাম,2
সে আমার ভাই,2
সে আমার ভাইয়ের ম্যাডাম,2
সে আমার ভাইয়ের স্যার,2
সে আমার মামা,2
সে আমার ম্যাডাম,2
সে আমার স্বামী,2
সে আমার স্যার,2
সে একজন উকিল,2
সে একজন চাকরিজীবি,2
সে একজন ডাক্তার,2
সে বাহিরে যাবে,2
হ্যাপি বার্থডে,2
হ্যালো সবাইকে,2
আজকের দিনটা সুন্দর.,2
আপনাকে আমার ভাল লাগছে.,2
আপনাকে আমার ভাল লাগছে,2
আপনাকে কিভাবে সাহায্য করতে পারি,2
আপনি অনেক সুন্দর,2
আপনি আমাকে সয্য করবেন.,2
আপনি আমাকে সয্য করবেন,2
আপনি কি কাজ করেন..,2
আপানকে দেখতে অনেক সুন্দর,2
আবার দেখা হবে.,2
আমার গ্রামের বাড়ি রংপুর.,2
আমার দেশ বাংলাদেশ.,2
আমার বাবা একজন ব্যাবসায়ি.,2
আমার বাবা একজন ব্যাবসায়ি,2
আমি আগামীকাল বাড়িতে যাব,2
আমি দুখঃখিত,2
আমি ভালো আছি.,2
কিভাবে সাহায্য করতে পারি.,2
তোমরা বাড়ি যাবা কবে,2
দয়া করে.,2
দেখা হয়ে ভালো লাগলো,2
ধ্যানবাদ,2
ভিতরে আশুন এবং বসুন,2
শুক্রবার সাপ্তাহিক বন্ধ,2
সুভ অপারানহু,2
সুভ জন্মদিন,2
সুভ রাত্রি,2
সুভ সকাল,2
অপনি কি কাজ কোরেন,2
অপনি কোঠাই কাজ কোরেন,2
অপনি কোথাই পোরাশোনা কোরেন,2
অপনি ভালো ঠাকবেন,2
অমর খুব বেশী মিতা বেথা,2
অমর দেশ বাংলাদেশ,2
অমর ভাই বিশোবদলয়ে পোরশোনা কোরে,2
অমি আখন ঘমাশবো,2
অমি আজকে মাশ খিয়েচি,2
অমি আজকে রানা কোরেচি,2
অমি আপনাক ভলোবশি,2
অমি আপনাক ভলোবশী,2
অমি আপনেকে কিবাবে শাহাজো কর্টে পরী,2
অমি কাল্কে বেরিয়েট জাবো,2
অমি চোটো মাশ খাই না,2
অমি দুকখিতো,2
অমি নীল জামা পোর্টে পোচন্ডো কোরি,2
অমি প্রোটিডিন নামাজ পোরি,2
অমি ভালো আচি,2
অমি স্কুল ই জাই,2
অ্যামি প্রোটিডিন খুব শোকলে ঘুম থেক উথি,2
আজকে দিন টা খুব শুন্ডোর,2
আপনার কি কিচু প্রাইওজন,2
আপনার বাশা কোথাই,2
আবর দেখা হোব,2
আমার আব্বু অফিস কাজ কোরে,2
আমার এক ভাই,2
আমার বাবা একজন বেবশাহী,2
এপিএনআই dekhete শুন্ডোর,2
এপিএনআই আমর বন্ডু,2
এপিএনআই কেমন অ্যাকেন,2
গরোম ই বার বার পানি খাবেন,2
গরোম ই মোশা ওয়ানক,2
গরোম ই রড ই জাবেন না,2
গরোম ই শরবট পান কোরা ভালো,2
টোমা কোবে বদি জাবে,2
দেখা কোরে ওয়ানক ভ্যালো লাগ্লো,2
বাংলাদেশে বৈশি গোরোম,2
বাংলাদেশে ব্রিশ্টি নাই,2
বোশন্টো কাল ই ওয়ানক বোকা fute,2
ভিটোর আশুন আবং বোশুন,2
মুরগির মঙ্গশো আমার খুব পোচোন্দো,2
শেই স্কুল ই জাই,2
শোবাই শাবধন ই ঠাকুন,2
আমার খালু দেখতে ভালো,1
আমার চাচা অনেক ভালো,1
আমার চাচা অনেক সুন্দর,1
আমার চাচা নেই,1
আমার চাচা ভালো আছে,1
আমার চাচা সুন্দর,1
আমার চাচী  ভাল,1
আমার চাচী নেই,1
আমার চাচী ভালো আছে,1
আমার চুলকানী হয়েছে,1
আমার ছুটি চাই,1
আমার ছেলে আছে,1
আমার ছেলে ভালো,1
আমার ছেলে সুন্দর,1
আমার ছোট বোন,1
আমার ছোট ভাই আছে,1
আমার ছোট ভাই নেই,1
আমার ছোট ভাই সুন্দর,1
আমার জন্মদিন ১২ অক্টোবর,1
আমার জামাটা সুন্দর,1
আমার ডায়েরি সুন্দর,1
আমার দাদা অনেক খুশি,1
আমার দাদা অনেক ভালো,1
আমার দাদা বাসায় থাকে,1
আমার দাদা ভালো,1
আমার দাদা মারা গেছে,1
আমার দাদি ভালো,1
আমার দুলাভাই ভালো,1
আমার দেবর ভালো,1
আমার ননদ ভালো,1
আমার নানা অনেক ভালো,1
আমার নানা নেই,1
আমার নানী দাদী ভালো আছে,1
আমার নানী বাসায় থাকে,1
আমার নাম আবির,1
আমার নাম,1
আমার পরিবার ভাল,1
আমার পরিবার সুন্দর,1
আমার পরিবারের সাথে দেখা হয়েছে,1
আমার পরীক্ষা ভালো হয়েছে,1
আমার পেশা প্রকৌশলী,1
আমার পেশা ব্যবসা,1
আমার পেশা শিক্ষক,1
আমার প্রশংসা পত্র আছে,1
আমার প্রশংসা পত্র কই,1
আমার প্রশ্ন ১ টি,1
আমার প্রিয় গায়ক,1
আমার প্রিয় রঙ কমলা,1
আমার প্রিয় রঙ কালো,1
আমার প্রিয় রঙ গোলাপী,1
আমার প্রিয় রঙ নীল,1
আমার প্রিয় রঙ লাল,1
আমার প্রিয় রঙ সবুজ,1
আমার প্রিয় রঙ সাদা,1
আমার প্রিয় রঙ হলুদ,1
আমার প্রয়োজন,1
আমার ফুফা ভালো,1
আমার ফুফা সৎ পুলিশ,1
আমার ফুফু ভালো,1
আমার বউ দেখতে সুন্দর,1
আমার বন্ধু কথা বলতে পারে না,1
আমার বন্ধু ঘুমায়,1
আমার বন্ধু তোকি ভালো গান করে,1
আমার বন্ধু পড়ায় ভালো,1
আমার বন্ধু যাচ্ছে,1
আমার বন্ধুর বাবা উকিল,1
আমার বন্ধুরা অনেক ভালো,1
আমার বর দেখতে সুন্দর,1
আমার বাবা usa তে থাকে,1
আমার বাবা অনেক খুশি,1
আমার বাবা অলস,1
আমার বাবা ইশারা ভাষা জানে,1
আমার বাবা নেই,1
আমার বাবা মারা গেছে,1
আমার বাবা যাচ্ছে,1
আমার বাবা হসপিটালে গেছে,1
আমার বাবু সুন্দর,1
আমার বাবুটা সুন্দর,1
আমার বাসা আছে,1
আমার বাসা ভালো না,1
আমার বাসা ভালো,1
আমার বাসায় আসো,1
আমার বাড়ি ঢাকায়,1
আমার বোন অনেক খুশি,1
আমার বোন অনেক ডিপ্রেশনে আসে,1
আমার বোন অলস,1
আমার বোন এখন শিক্ষাগ্রহণ করছে,1
আমার বোন নেই,1
আমার বোন ভালো,1
আমার বোন মারা গিয়েছে,1
আমার বোনের জর,1
আমার বড় বোন অনেক খুশি,1
আমার বড় বোন আছে,1
আমার বড় বোন মারা গেছে,1
আমার বড় বোন,1
আমার বড় ভাই  সুন্দর দেখতে,1
আমার বড় ভাই অনেক খুশি,1
আমার বড় ভাই অলস,1
আমার বড় ভাই নেই,1
আমার বড় ভাই ভালো আছে,1
আমার বড় ভাই মারা গেছে,1
আমার বয়স ২২,1
আমার ভাই অনেক খুশি,1
আমার ভাই অনেক ডিপ্রেশনে আছে,1
আমার ভাই অলস,1
আমার ভাই খাতায় লেখে,1
আমার ভাই খুব ভালো,1
আমার ভাই নেই,1
আমার ভাই মারা গিয়েছে,1
আমার ভাই মেধাবী,1
আমার ভাই শিক্ষা গ্রহন করছে,1
আমার ভাই সুন্দর দেখতে,1
আমার ভাই সুন্দর,1
আমার ভাইয়ের জর,1
আমার ভালো ভালো আছে,1
আমার ভাষা সুন্দর,1
আমার মা অনেক খুশি,1
আমার মা অলস,1
আমার মা ইশারা ভাষা বলে,1
আমার মা খুব ভালো,1
আমার মা গৃহিনী,1
আমার মা নেই,1
আমার মা মারা গিয়েছে,1
আমার মা সুন্দর,1
আমার মা হস্পিটালে গেছে,1
আমার মাথা ব্যথা করে,1
আমার মামা অনেক ভালো,1
আমার মামা অনেক সুন্দর,1
আমার মামী সুন্দর দেখতে,1
আমার মিটিং কখন,1
আমার মিটিং কয়টায় হবে,1
আমার মেয়ে আছে,1
আমার মেয়ে সুন্দর,1
আমার রুটিন দেখেছি,1
আমার সনদ পত্র কই,1
আমার সহপাঠী ভালো,1
আমার স্ত্রি সুন্দর দেখতে,1
আমার স্ত্রী অনেক ভালো,1
আমার স্বামী অনেক ভালো,1
আমার স্বামী দেখতে সুন্দর,1
আমার স্বাস্থ্য ভালো আছে,1
আমার স্বাস্থ্য ভালো নেই,1
আমারা দুধ খাবো,1
আমি অংক বই পড়ি,1
আমি অনুশীলন করি,1
আমি অনেক অলস,1
আমি অনেক ক্লান্ত,1
আমি অনেক খুশি,1
আমি অনেক ডিপ্রেশনে আছি,1
আমি অনেক দূর্বল,1
আমি অনেক ভালো সুস্থ্য আছি,1
আমি অনেক ভালো,1
আমি অনেক মেধাবী,1
আমি অফিসে যাবো,1
আমি অসুস্থ,1
আমি আগামি কাল বাড়িতে যাবো,1
আমি আনারশ খাবো,1
আমি আনারস খাবো,1
আমি আপনাকে হেল্প করবো,1
আমি আম খাবো,1
আমি আমার প্রতিবেশীর কাছে যাবো,1
আমি আরবি বই জানি,1
আমি আর্মি দেখেছি,1
আমি আলু খাবো,1
আমি ইংরেজি বই পড়তে জানি,1
আমি ইশারা ভাষা বলতে পারি,1
আমি ইশারা ভাষা বলি,1
আমি উকিলের সাথে কথা বলি,1
আমি উত্তর দিবো,1
আমি একজন খ্রিস্টান,1
আমি একজন প্রকৌশলী,1
আমি একজন প্রতিবন্ধী,1
আমি একজন মুসলমান,1
আমি একজন শিক্ষক,1
আমি এখন মন্দিরে যাবো,1
আমি এখন মসজিদে যাবো না,1
আমি এখন মসজিদে যাবো,1
আমি এখন শিক্ষাগ্রহণ করছি,1
আমি এখন হাটিবো,1
আমি ঔষুধ খাই,1
আমি কখন হাটবো,1
আমি কফি খাবো,1
আমি কলা খাবো,1
আমি কলেজে পড়ি বন্ধুদের সাথে দেখা করি আমি ক্লান্ত,1
আমি কলেজে পড়ি বন্ধুদের সাথে দেখা করি,1
আমি কলেজে যাবো,1
আমি কাঠাল খাবো,1
আমি কুলিকে দেখেছি,1
আমি কৃষক দেখেছি,1
আমি কোলড্রিংস খাবো,1
আমি ক্রয় করেছি,1
আমি ক্লান্ত ঘুমাতে চাই,1
আমি ক্লান্ত ঘুমাতে যাবো,1
আমি ক্লান্ত পান করবো,1
আমি ক্ষুদা লাগছে অনেক ক্লান্ত,1
আমি ক্ষুদার্ত কিছু খাবো,1
আমি ক্ষুদার্ত বাজারে যাবো,1
আমি খাতায় কলম দিয়ে লিখি,1
আমি খাতায় লিখি,1
আমি খাবো,1
আমি খুব ক্লান্ত খেতে যাই,1
আমি গনিত ভালো পারি না,1
আমি গাড়ি ড্রাইভ করি,1
আমি গাড়িতে তেল দিবো,1
আমি ঘর দেখেছি,1
আমি ঘুম থেকে উঠবো,1
আমি ঘুমাবো,1
আমি চা খাবো,1
আমি চিঠি লিখবো,1
আমি চিনি খাই না,1
আমি চিনি খাবো,1
আমি জানি,1
আমি জাম খাবো,1
আমি জেলে,1
আমি টেনশনে আছি,1
আমি ডাক্তার দেখাবো,1
আমি ডাল খাবো,1
আমি ডিম খাবো,1
আমি ড্রাইভ করে এসেছি,1
আমি তরকারি কাটি,1
আমি তরকারিতে রসুন খাবো,1
আমি তেল খাবো,1
আমি তোমাকে অনেক পছন্দ করি মনে রেখো,1
আমি তোমার খেয়াল রাখবো,1
আমি থেমে গেছি,1
আমি দাঁড়ানো,1
আমি দুখিত,1
আমি দুধ খাবো,1
আমি দূর্বল,1
আমি দেখে রাখবো তোমাকে,1
আমি পছন্দ করি,1
আগামী পরশু দেখা হবে,1
আগে আমার কথা শুন,1
আগে আমার বোন খাবে,1
আগে আমার বড় বোন খাবে,1
আগে আমার মা খাবে,1
আগে আমি খাবো তুমি কখন খাবা,1
আগে আমি খাবো,1
আগে কাজ পরে কথা,1
আগে ঘুমাও পরে লিখো,1
আগে তুমি খাও,1
আগে দিন পরে রাত,1
আগে পড় এরপর ঘুমাও,1
আগে বাবা খাবে পরে তুমি খাবা,1
আগে বাবা খাবে,1
আগে ভালো পরে কাজ করো,1
আগে মা খাবে,1
আগে রাত পরে দিন,1
আগে শুক্রবার দেখা করবো পরে খাবো,1
আগে সময় এরপর তুমি,1
আগে সময় কেমন ছিল,1
আজ এই পর্যন্তই পরবর্তীতে আবার দেখা হবে,1
আজকে এই পর্যন্ত,1
আজকে না আগামীকাল দেখবো,1
আজকের দিন অনেক সুন্দর তুমি কি কাজ করবা,1
আমরা সবাই বিমানে যাবো,1
আমাকে কল দিয়ে এরপর যেও,1
আমার ওজন ১০০ কেজি,1
আমার চাচা বুধবার দুধ খায়,1
আমার চাচা বুধবার ভাত খায়,1
আমার চাচা বুধবার মাংস খায়,1
আমার চাচা বুধবার মাছ খায়,1
আমার চাচা বৃহস্পতিবার দুধ খায়,1
আমার চাচা বৃহস্পতিবার ভাত খায়,1
আমার চাচা বৃহস্পতিবার মাংস খায়,1
আমার চাচা বৃহস্পতিবার মাছ খায়,1
আমার চাচা মংগলবার দুধ খায়,1
আমার চাচা মংগলবার ভাত খায়,1
আমার চাচা মংগলবার মাংস খায়,1
আমার চাচা মংগলবার মাছ খায়,1
আমার চাচা রবিবার দুধ খায়,1
আমার চাচা রবিবার ভার খায়,1
আমার চাচা রবিবার মাংস খায়,1
আমার চাচা রবিবার মাছ খায়,1
আমার চাচা শনিবার দুধ খায়,1
আমার চাচা শনিবার ভার খায়,1
আমার চাচা শনিবার মাংস খায়,1
আমার চাচা শনিবার মাছ খায়,1
আমার চাচা শুক্রবার দুধ খায়,1
আমার চাচা শুক্রবার ভাত খায়,1
আমার চাচা শুক্রবার মাংস খায়,1
আমার চাচা শুক্রবার মাছ খায়,1
আমার চাচা সোমবার ভাত খায়,1
আমার চাচা সোমবার মাংস খায়,1
আমার চাচা সোমবার মাছ খায়,1
আমার ছেলে বুধবার দুধ খায়,1
আমার ছেলে বুধবার ভাত খায়,1
আমার ছেলে বুধবার মাংস খায়,1
আমার ছেলে বুধবার মাছ খায়,1
আমার ছেলে বৃহস্পতিবার দুধ খায়,1
আমার ছেলে বৃহস্পতিবার ভাত খায়,1
আমার ছেলে বৃহস্পতিবার মাংস খায়,1
আমার ছেলে বৃহস্পতিবার মাছ খায়,1
আমার ছেলে মংগলবার দুধ খায়,1
আমার ছেলে মংগলবার ভাত খায়,1
আমার ছেলে মংগলবার মাংস খায়,1
আমার ছেলে মংগলবার মাছ খায়,1
আমার ছেলে রবিবার দুধ খায়,1
আমার ছেলে রবিবার ভাত খায়,1
আমার ছেলে রবিবার মাংস খায়,1
আমার ছেলে রবিবার মাছ খায়,1
আমার ছেলে শনিবার দুধ খায়,1
আমার ছেলে শনিবার ভাত খায়,1
আমার ছেলে শনিবার মাংস খায়,1
আমার ছেলে শনিবার মাছ খায়,1
আমার ছেলে শুক্রবার দুধ খায়,1
আমার ছেলে শুক্রবার ভাত খায়,1
আমার ছেলে শুক্রবার মাংস খায়,1
আমার ছেলে শুক্রবার মাছ খায়,1
আমার ছেলে সোমবার দুধ খায়,1
আমার ছেলে সোমবার ভাত খায়,1
আমার ছেলে সোমবার মাংস খায়,1
আমার ছেলে সোমবার মাছ খায়,1
আমার ছোট বোন কচ্ছপ দেখে নাই,1
আমার ছোট বোন কচ্ছপ দেখেছে,1
আমার ছোট বোন খরগোশ দেখে নাই,1
আমার ছোট বোন খরগোশ দেখেছে,1
আমার ছোট বোন চিড়িয়াখানা যাবে,1
আমার ছোট বোন তেলাপোকা দেখে নাই,1
আমার ছোট বোন তেলাপোকা দেখেছে,1
আমার ছোট বোন মুরগি দেখে নাই,1
আমার ছোট বোন মুরগি দেখেছে,1
আমার ছোট বোন সাপ দেখছে,1
আমার ছোট বোন সাপ দেখে নাই,1
আমার ছোট বোন হাস দেখে নাই,1
আমার ছোট বোন হাস দেখেছে,1
আমার ছোট ভাই কচ্ছপ দেখে নাই,1
আমার ছোট ভাই কচ্ছপ দেখেছে,1
আমার ছোট ভাই কুকুর দেখেছে,1
আমার ছোট ভাই খরগোশ দেখে নাই,1
আমার ছোট ভাই খরগোশ দেখেছে,1
আমার ছোট ভাই চিড়িয়াখানা যাবে,1
আমার ছোট ভাই তেলাপোকা দেখে নাই,1
আমার ছোট ভাই তেলাপোকা দেখেছে,1
আমার ছোট ভাই মুরগী দেখে নাই,1
আমার ছোট ভাই মুরগী দেখেছে,1
আমার ছোট ভাই সাপ দেখছে,1
আমার ছোট ভাই সাপ দেখে নাই,1
আমার ছোট ভাই হাস দেখে নাই,1
আমার ছোট ভাই হাস দেখেছে,1
আমার ট্রাক অনেক সুন্দর,1
আমার বাবা অনেক গুলো ঘোড়া দেখে নাই,1
আমার বাবা অনেক গুলো ঘোড়া দেখেছে,1
আমার বাবা অনেক গুলো বিড়াল দেখে নাই,1
আমার বাবা অনেক গুলো বিড়াল দেখেছে,1
আমার বাবা ইদুর দেখে নাই,1
আমার বাবা ইলিশ মাছ খাবে না,1
আমার বাবা ইলিশ মাছ খাবে,1
আমার বাবা ইলিশ মাছ দেখে নাই,1
আমার বাবা ইলিশ মাছ দেখেছে,1
আমার বাবা কচ্ছপ দেখে নাই,1
আমার বাবা কচ্ছপ দেখেছে,1
আমার বাবা কুকুর দেখেছে,1
আমার বাবা খরগোশ দেখে নাই,1
আমার বাবা খরগোশ দেখেছে,1
আমার বাবা গতকাল ডাক্তার দেখেয়েছে,1
আমার বাবা গরু দেখেছে,1
আমার বাবা ঘোড়া দেখে নাই,1
আমার বাবা চিংড়ি দেখে নাই,1
আমার বাবা চিংড়ি দেখেছে,1
আমার বাবা চিড়িয়াখানা যাবে,1
আমার বাবা টিয়া পাখি দেখে নাই,1
আমার বাবা টিয়া পাখি দেখেছে,1
আমার বাবা ট্রাক দেখেছে,1
আমার বাবা ট্রেনে যাবে,1
আমার বাবা তেলাপোকা দেখে নাই,1
আমার বাবা তোমার সাথে রাতে দেখা করবে না,1
আমার বাবা তোমার সাথে রাতে দেখা করবে,1
আমার বাবা পাখি দেখে নাই,1
আমার বাবা পাখি দেখেছে,1
আমার বাবা পড়ে কথা বলবে,1
আমার বাবা বাসে যাবে,1
আমার বাবা বিমানে যাবে,1
আমার বাবা বিড়াল দেখে নাই,1
আমার বাবা বিড়াল দেখেছে,1
আমার বাবা বুধবার দুধ খায়,1
আমার বাবা বুধবার ভাত খায়,1
আমার বাবা বুধবার মাংস খায়,1
আমার বাবা বুধবার মাছ খায়,1
আমার বাবা বৃহস্পতিবার দুধ খায়,1
আমার বাবা বৃহস্পতিবার ভাত খায়,1
আমার বাবা বৃহস্পতিবার মাংস খায়,1
আমার বাবা বৃহস্পতিবার মাছ খায়,1
আমার বাবা বোট দেখেছে,1
আমার বাবা মংগলবার দুধ খায়,1
আমার বাবা মংগলবার ভাত খায়,1
আমার বাবা মংগলবার মাংস খায়,1
আমার বাবা মংগলবার মাছ খায়,1
আমার বাবা মুরগী দেখছে,1
আমার বাবা মুরগী দেখে নাই,1
আমার বাবা যুদ্ধ বিমান দেখেছে,1
আমার বাবা রবিবার দুধ খাবে,1
আমার বাবা রবিবার ভাত খাবে,1
আমার বাবা রবিবার মাংস খাবে,1
আমার বাবা রবিবার মাছ খাবে,1
আমার বাবা রবিবার মাছ খাবেহ,1
আমার বাবা শনিবার ভাত খাবে,1
আমার বাবা শনিবার মাংস খাবে,1
আমার বাবা শনিবার মাছ খাবে,1
আমার বাবা শুক্রবার দুধ খাবে,1
আমার বাবা শুক্রবার ভার খাবে,1
আমার বাবা শুক্রবার মাংস খাবে,1
আমার বাবা শুক্রবার মাছ খাবে,1
আমার বাবা সাপ দেখেছে,1
আমার বাবা সাপ দেখেনি,1
আমার বাবা সোমবার দুধ খাবে,1
আমার বাবা সোমবার ভাত খাবে,1
আমার বাবা সোমবার মাংস খাবে,1
আমার বাবা সোমবার মাছ খাবে,1
আমার বাবা হাতি দেখে নাই,1
আমার বাবা হাতি দেখেছে,1
আমার বাবা হাস দেখে নাই,1
আমার বাবা হাস দেখেছে,1
আমার বাবা ২ মাস পর আসবে,1
আমার বাবার বিড়াল নাই,1
আমার বোন অনেক গুলো ঘোড়া দেখে নাই,1
আমার বোন অনেক গুলো ঘোড়া দেখেছে,1
আমার বোন অনেক গুলো বিড়াল দেখে নি,1
আমার বোন অনেক গুলো বিড়াল দেখেছে,1
আমার বোন ইদুর দেখছে,1
আমার বোন ইদুর দেখে নাই,1
আমার বোন ইলিশ মাছ খাবে না,1
আমার বোন ইলিশ মাছ খাবে,1
আমার বোন ইলিশ মাছ দেখে নাই,1
আমার বোন ইলিশ মাছ দেখেছে,1
আমার বোন কচ্ছপ দেখে নাই,1
আমার বোন কচ্ছপ দেখেছে,1
আমার বোন কুকুর দেখেছে,1
আমার বোন খরগোশ দেখে নাই,1
আমার বোন খরগোশ দেখেছে,1
আমার বোন ঘোড়া দেখে নাই,1
আমার বোন ঘোড়া দেখেছে,1
আমার বোন চিড়িয়াখানা যাবে,1
আমার বোন টিয়া পাখি দেখে নাই,1
আমার বোন টিয়া পাখি দেখেছে,1
আমার বোন ট্রেনে যাবে,1
আমার বোন তেলাপোকা দেখে নাই,1
আমার বোন তেলাপোকা দেখেছে,1
আমার বোন বিড়াল দেখে নি,1
আমার বোন বিড়াল দেখেছে,1
আমার বোন বুধবার দুধ খায়,1
আমার বোন বুধবার ভাত খায়,1
আমার বোন বুধবার মাংস খায়,1
আমার বোন বুধবার মাছ খায়,1
আমার বোন বৃহস্পতিবার দুধ খায়,1
আমার বোন বৃহস্পতিবার ভাত খায়,1
আমার বোন বৃহস্পতিবার মাংস খায়,1
আমার বোন বৃহস্পতিবার মাছ খায়,1
আমার বোন বোট দেখেছে,1
আমার বোন মংগলবার দুধ খায়,1
আমার বোন মংগলবার ভাত খায়,1
আমার বোন মংগলবার মাংস খায়,1
আমার বোন মংগলবার মাছ খায়,1
আমার বোন মুরগি দেখে নাই,1
আমার বোন মুরগি দেখেছে,1
আমার বোন রবিবার দুধ খায়,1
আমার বোন রবিবার ভাত খায়,1
আমার বোন রবিবার মাংস খায়,1
আমার বোন রবিবার মাছ খায়,1
আমার বোন শনিবার দুধ খায়,1
আমার বোন শনিবার ভাত খায়,1
আমার বোন শনিবার মাংস খায়,1
আমার বোন শনিবার মাছ খায়,1
আমার বোন শুক্রবার দুধ খায়,1
আমার বোন শুক্রবার ভাত খায়,1
আমার বোন শুক্রবার মাংস খায়,1
আমার বোন শুক্রবার মাছ খায়,1
আমার বোন সকালে দেখা করবে না,1
আমার বোন সকালে দেখা করবে,1
আমার বোন সাপ দেখেছে,1
আমার বোন সাপ দেখেনি,1
আমার বোন সোমবার দুধ খায়,1
আমার বোন সোমবার ভাত খায়,1
আমার বোন সোমবার মাংস খায়,1
আমার বোন সোমবার মাছ খায়,1
আমার বোন হাতি দেখে নাই,1
আমার বোন হাতি দেখেছে,1
আমার বোন হাস দেখে নাই,1
আমার বোন হাস দেখেছে,1
আমার বোন ১ মাস পর এসেছে,1
আমার বড় বোন অনেক গুলো বিড়াল দেখে নি,1
আমার বড় বোন অনেক গুলো বিড়াল দেখেছে,1
আমার বড় বোন ইদুর দেখছে,1
আমার বড় বোন ইদুর দেখে নাই,1
আমার বড় বোন ইলিশ খাবে,1
আমার বড় বোন ইলিশ মাছ খাবে না,1
আমার বড় বোন কচ্ছপ দেখে নাই,1
আমার বড় বোন কচ্ছপ দেখেছে,1
আমার বড় বোন কুকুর দেখেছে,1
আমার বড় বোন খরগোশ দেখে নাই,1
আমার বড় বোন খরগোশ দেখেছে,1
আমার বড় বোন চিড়িয়াখানা যাবে,1
আমার বড় বোন টিয়া পাখি দেখে নাই,1
আমার বড় বোন টিয়া পাখি দেখেছে,1
আমার বড় বোন তেলাপোকা দেখে নাই,1
আমার বড় বোন তেলাপোকা দেখেছে,1
আমার বড় বোন বিমানে যাবে,1
আমার বড় বোন বিড়াল দেখে নাই,1
আমার বড় বোন বিড়াল দেখেছে,1
আমার বড় বোন বোট দেখেছে,1
আমার বড় বোন মুরগি দেখে নাই,1
আমার বড় বোন মুরগি দেখেছে,1
আমার বড় বোন সকালে দেখা করবে না,1
আমার বড় বোন সকালে দেখা করবে,1
আমার বড় বোন সাপ দেখে নি,1
আমার বড় বোন সাপ দেখেছে,1
আমার বড় বোন হাতি দেখে নাই,1
আমার বড় বোন হাতি দেখেছে,1
আমার বড় বোন হাস দেখে নাই,1
আমার বড় বোন হাস দেখেছে,1
আমার বড় ভাই অনেক গুলো ঘোড়া দেখে নাই,1
আমার বড় ভাই অনেক গুলো ঘোড়া দেখেছে,1
আমার বড় ভাই ইদুর দেখছে,1
আমার বড় ভাই ইদুর দেখে নাই,1
আমার বড় ভাই ইলিশ মাছ খাবে না,1
আমার বড় ভাই ইলিশ মাছ খাবে,1
আমার বড় ভাই ইলিশ মাছ দেখে নাই,1
আমার বড় ভাই ইলিশ মাছ দেখেছে,1
আমার বড় ভাই কচ্ছপ দেখে নাই,1
আমার বড় ভাই কচ্ছপ দেখেছে,1
আমার বড় ভাই কুকুর দেখেছে,1
আমার বড় ভাই খরগোশ দেখে নাই,1
আমার বড় ভাই খরগোশ দেখেছে,1
আমার বড় ভাই ঘোড়া দেখে নাই,1
আমার বড় ভাই ঘোড়া দেখেছে,1
আমার বড় ভাই চিড়িয়াখানা যাবে,1
আমার বড় ভাই টিয়া পাখি দেখে নাই,1
আমার বড় ভাই টিয়া পাখি দেখেছে,1
আমার বড় ভাই তেলাপোকা দেখে নাই,1
আমার বড় ভাই তেলাপোকা দেখেছে,1
আমার বড় ভাই বিমানে যাবে,1
আমার বড় ভাই বিড়াল অনেকগুলো দেখে নি,1
আমার বড় ভাই বিড়াল অনেকগুলো দেখেছে,1
আমার বড় ভাই বিড়াল দেখে নি,1
আমার বড় ভাই বিড়াল দেখেছে,1
আমার বড় ভাই বোট দেখেছে,1
আমার বড় ভাই মুরগী দেখে নাই,1
আমার বড় ভাই মুরগী দেখেছে,1
আমার বড় ভাই রাতে দেখা করবে না,1
আমার বড় ভাই রাতে দেখা করবে,1
আমার বড় ভাই সকালে দেখা করবে,1
আমার বড় ভাই সাপ দেখে নি,1
আমার বড় ভাই সাপ দেখেছে,1
আমার বড় ভাই হাতি দেখে নাই,1
আমার বড় ভাই হাতি দেখেছে,1
আমার বড় ভাই হাস দেখে নাই,1
আমার বড় ভাই হাস দেখেছে,1
আমার ভাই অনেক গুলো ঘোড়া দেখে নাই,1
আমার ভাই অনেক গুলো ঘোড়া দেখেছে,1
আমার ভাই অনেক গুলো বিড়াল দেখে নি,1
আমার ভাই অনেক গুলো বিড়াল দেখেছে,1
আমার ভাই ইদুর দেখছে,1
আমার ভাই ইদুর দেখে নাই,1
আমার ভাই ইলিশ মাছ খাবে না,1
আমার ভাই ইলিশ মাছ খাবে,1
আমার ভাই ইলিশ মাছ দেখে নাই,1
আমার ভাই ইলিশ মাছ দেখেছে,1
আমার ভাই কচ্ছপ দেখে নাই,1
আমার ভাই কচ্ছপ দেখেছে,1
আমার ভাই কুকুর দেখেছে,1
আমার ভাই খরগোশ দেখে নাই,1
আমার ভাই খরগোশ দেখেছে,1
আমার ভাই গরু দেখেছে,1
আমার ভাই ঘোড়া দেখে নাই,1
আমার ভাই ঘোড়া দেখেছে,1
আমার ভাই চিড়িয়াখানা যাবে,1
আমার ভাই ছাগল দেখেছে,1
আমার ভাই ট্রেনে যাবে,1
আমার ভাই তেলাপোকা দেখে নাই,1
আমার ভাই বাসে যাবে,1
আমার ভাই বিমানে যাবে,1
আমার ভাই বিড়াল দেখে নি,1
আমার ভাই বিড়াল দেখেছে,1
আমার ভাই বুধবার ভাত খায়,1
আমার ভাই বৃহস্পতিবার ভাত খায়,1
আমার ভাই বোট দেখেছে,1
আমার ভাই মংগলবার দুধ খায়,1
আমার ভাই মংগলবার ভাত খায়,1
আমার ভাই মংগলবার মাংস খায়,1
আমার ভাই মংগলবার মাছ খায়,1
আমার ভাই মুরগী দেখে নাই,1
আমার ভাই মুরগী দেখেছে,1
আমার ভাই রবিবার দুধ খায়,1
আমার ভাই রবিবার ভাত খায়,1
আমার ভাই রবিবার মাংস খায়,1
আমার ভাই রবিবার মাছ খায়,1
আমার ভাই শনিবার দুধ খায়,1
আমার ভাই শনিবার ভাত খায়,1
আমার ভাই শনিবার মাংস খায়,1
আমার ভাই শনিবার মাছ খায়,1
আমার ভাই শুক্রবার দুধ খায়,1
আমার ভাই শুক্রবার ভাত খায়,1
আমার ভাই শুক্রবার মাংস খায়,1
আমার ভাই শুক্রবার মাছ খায়,1
আমার ভাই সকালে দেখা করবে না,1
আমার ভাই সকালে দেখা করবে,1
আমার ভাই সাপ দেখে নি,1
আমার ভাই সাপ দেখেছে,1
আমার ভাই সোমবার দুধ খায়,1
আমার ভাই সোমবার ভাত খায়,1
আমার ভাই সোমবার মাংস খায়,1
আমার ভাই সোমবার মাছ খায়,1
আমার ভাই হাতি দেখে নাই,1
আমার ভাই হাতি দেখেছে,1
আমার ভাই হাস দেখে নাই,1
আমার ভাই হাস দেখেছে,1
আমার ভাই ১ মাস পর দেখা করেছে,1
আমার মা অনেক গুলো ঘোড়া দেখে নাই,1
আমার মা অনেক গুলো ঘোড়া দেখেছে,1
আমার মা অনেক গুলো বিড়াল দেখে নাই,1
আমার মা অনেক গুলো বিড়াল দেখেছে,1
আমার মা ইদুর দেখছে,1
আমার মা ইদুর দেখে নাই,1
আমার মা ইলিশ মাছ খাবে না,1
আমার মা ইলিশ মাছ খাবে,1
আমার মা ইলিশ মাছ দেখে নাই,1
আমার মা ইলিশ মাছ দেখেছে,1
আমার মা কচ্ছপ দেখছে,1
আমার মা কচ্ছপ দেখে নাই,1
আমার মা কুকুর দেখেছে,1
আমার মা খরগোশ দেখে নাই,1
আমার মা খরগোশ দেখেছে,1
আমার মা গরু দেখেছে,1
আমার মা ঘোড়া দেখে নাই,1
আমার মা ঘোড়া দেখেছে,1
আমার মা চিংড়ি দেখে নাই,1
আমার মা চিড়িয়াখানা যাবে,1
আমার মা টিয়া পাখি দেখে নাই,1
আমার মা টিয়া পাখি দেখেছে,1
আমার মা ট্রেনে যাবে,1
আমার মা তোমার সাথে রাতে দেখা করবে না,1
আমার মা তোমার সাথে রাতে দেখা করবে,1
আমার মা বাসে যাবে,1
আমার মা বিড়াল দেখে নাই,1
আমার মা বিড়াল দেখেছে,1
আমার মা বুধবাব দুধ খায়,1
আমার মা বুধবার ভাত খায়,1
আমার মা বুধবার মাংস খায়,1
আমার মা বুধবার মাছ খায়,1
আমার মা বৃহস্পতিবার দুধ খায়,1
আমার মা বৃহস্পতিবার ভাত খায়,1
আমার মা বৃহস্পতিবার মাংস খায়,1
আমার মা বৃহস্পতিবার মাছ খায়,1
আমার মা বোট দেখেছে,1
আমার মা ভাত খাবে শুক্রবার,1
আমার মা মংগলবার দুধ খায়,1
আমার মা মংগলবার ভাত খায়,1
আমার মা মংগলবার মাংস খায়,1
আমার মা মংগলবার মাছ খায়,1
আমার মা যুদ্ধ বিমান দেখেছে,1
আমার মা রবিবার দুধ খায়,1
আমার মা রবিবার ভাত খায়,1
আমার মা রবিবার মাংস খায়,1
আমার মা রবিবার মাছ খায়,1
আমার মা শনিবার দুধ খাবে,1
আমার মা শনিবার ভাত খাবে,1
আমার মা শনিবার মাংস খাবে,1
আমার মা শনিবার মাছ খাবে,1
আমার মা শুক্রবার দুধ খাবে,1
আমার মা শুক্রবার মাংস খাবে,1
আমার মা শুক্রবার মাছ খাবে,1
আমার মা সাপ দেখেছে,1
আমার মা সাপ দেখেনি,1
আমার মা সোমবার দুধ খায়,1
আমার মা সোমবার ভাত খায়,1
আমার মা সোমবার মাংস খায়,1
আমার মা সোমবার মাছ খায়,1
আমার মা হাতি দেখে নাই,1
আমার মা হাতি দেখেছে,1
আমার মা হাস দেখে নাই,1
আমার মা হাস দেখেছে,1
আমার মা ২ মাস পর আসবে,1
আমার মামা চিড়িয়াখানা যাবে,1
আমার মামা মাছ দেখেছে,1
আমার মেয়ে বুধবার দুধ খায়,1
আমার মেয়ে বুধবার ভাত খায়,1
আমার মেয়ে বুধবার মাংস খায়,1
আমার মেয়ে বুধবার মাছ খায়,1
আমার মেয়ে বৃহস্পতিবার ভাত খায়,1
আমার মেয়ে বৃহস্পতিবার মাংস খায়,1
আমার মেয়ে বৃহস্পতিবার মাছ খায়,1
আমার মেয়ে বৃ্‌হস্পতিবার দুধ খায়,1
আমার মেয়ে মংগলবার দুধ খায়,1
আমার মেয়ে মংগলবার ভাত খাবে,1
আমার মেয়ে মংগলবার মাংস খাবে,1
আমার মেয়ে মংগলবার মাছ খাবে,1
আমার মেয়ে রবিবার দুধ খায়,1
আমার মেয়ে রবিবার ভাত খায়,1
আমার মেয়ে রবিবার মাংস খায়,1
আমার মেয়ে রবিবার মাছ খায়,1
আমার মেয়ে শনিবার দুধ খায়,1
আমার মেয়ে শনিবার ভাত খায়,1
আমার মেয়ে শনিবার মাংস খায়,1
আমার মেয়ে শনিবার মাছ খায়,1
আমার মেয়ে শুক্রবার দুধ খাবে,1
আমার মেয়ে শুক্রবার ভাত খাবে,1
আমার মেয়ে শুক্রবার মাংস খাবে,1
আমার মেয়ে শুক্রবার মাছ খাবে,1
আমার মেয়ে সোমবার দুধ খায়,1
আমার মেয়ে সোমবার ভাত খায়,1
আমার মেয়ে সোমবার মাংস খায়,1
আমার মেয়ে সোমবার মাছ খায়,1
আমার স্ত্রী বুধবার দুধ খায়,1
আমার স্ত্রী বুধবার ভাত খায়,1
আমার স্ত্রী বুধবার মাংস খায়,1
আমার স্ত্রী বুধবার মাছ খায়,1
আমার স্ত্রী বৃহস্পতিবার ভাত খায়,1
আমার স্ত্রী বৃহস্পতিবার মাংস খায়,1
আমার স্ত্রী বৃহস্পতিবার মাছ খায়,1
আমার স্ত্রী বৃ্‌হস্পতিবার দুধ খায়,1
আমার স্ত্রী মংগলবার দুধ খায়,1
আমার স্ত্রী মংগলবার ভাত খায়,1
আমার স্ত্রী মংগলবার মাংস খায়,1
আমার স্ত্রী রবিবার দুধ খায়,1
আমার স্ত্রী রবিবার ভাত খায়,1
আমার স্ত্রী রবিবার মাংস খায়...,1
আমার স্ত্রী রবিবার মাছ খায়,1
আমার স্ত্রী শনিবার দুধ খায়,1
আমার স্ত্রী শনিবার ভাত খায়,1
আমার স্ত্রী শনিবার মাংস খাবে,1
আমার স্ত্রী শনিবার মাছ খাবে,1
আমার স্ত্রী শুক্রবার দুধ খাবে,1
আমার স্ত্রী শুক্রবার মাংস খাবে,1
আমার স্ত্রী শুক্রবার মাছ খাবে,1
আমার স্ত্রী সোমবার দুধ খায়,1
আমার স্ত্রী সোমবার ভাত খায়,1
আমার স্ত্রী সোমবার মাংস খায়,1
আমার স্ত্রী সোমবার মাছ খায়,1
আমার স্বামী বুধবার দুধ খায়,1
আমার স্বামী বুধবার ভাত খায়,1
আমার স্বামী বুধবার মাংস খায়,1
আমার স্বামী বুধবার মাছ খায়,1
আমার স্বামী বৃহস্পতিবার দুধ খায়,1
আমার স্বামী বৃহস্পতিবার ভাত খায়,1
আমার স্বামী বৃহস্পতিবার মাংস খায়,1
আমার স্বামী বৃহস্পতিবার মাছ খায়,1
আমার স্বামী মংগলবার দুধ খায়,1
আমার স্বামী মংগলবার ভাত খায়,1
আমার স্বামী মংগলবার মাংস খায়,1
আমার স্বামী মংগলবার মাছ খায়,1
আমার স্বামী রবিবার দুধ খায়,1
আমার স্বামী রবিবার ভাত খায়,1
আমার স্বামী রবিবার মাংস খায়,1
আমার স্বামী রবিবার মাছ খায়,1
আমার স্বামী শনিবার দুধ খায়,1
আমার স্বামী শনিবার ভাত খায়,1
আমার স্বামী শনিবার মাংস খায়,1
আমার স্বামী শনিবার মাছ খায়,1
আমার স্বামী শুক্রবার দুধ খায়,1
আমার স্বামী শুক্রবার ভাত খায়,1
আমার স্বামী শুক্রবার মাংস খায়,1
আমার স্বামী শুক্রবার মাছ খায়,1
আমার স্বামী সোমবার দুধ খায়,1
আমার স্বামী সোমবার ভাত খায়,1
আমার স্বামী সোমবার মাংস খায়,1
আমার স্বামী সোমবার মাছ খায়,1
আমি অনেক গুলো ঘোড়া দেখি নাই,1
আমি অনেক গুলো ঘোড়া দেখেছি,1
আমি অনেক গুলো বিড়াল দেখি নাই,1
আমি অনেক গুলো বিড়াল দেখেছি,1
আমি আজ দুপুরে তোমার সাথে দেখা করবো,1
আমি ইদুর দেখি নাই,1
আমি ইদুর দেখেছি,1
আমি ইলিশ মাছ খাবো না,1
আমি ইলিশ মাছ খাবো,1
আমি ইলিশ মাছ দেখছি,1
আমি ইলিশ মাছ দেখি নাই,1
আমি একজন ডাক্তার তুমি কে,1
আমি এনিমেল দেখেছি,1
আমি কচ্ছপ দেখি নাই,1
আমি কচ্ছপ দেখেছি,1
আমি কুকুর দেখেছি,1
আমি কুকুরকে খাওয়াবো,1
আমি খরগোশ দেখে নাই,1
আমি খরগোশ দেখেছি,1
আমি গরু দেখেছি,1
আমি ঘোড়া দেখি নাই,1
আমি ঘোড়া দেখেছি,1
আমি চিংড়ি মাছ খাবো না,1
আমি চিংড়ি মাছ খাবো,1
আমি চিংড়ি মাছ দেখি নাই,1
আমি চিংড়ি মাছ দেখেছি,1
আমি চিড়িয়াখানা যাবো,1
আমি জানি তুমি কি বলবে,1
আমি জানি না ওটা কত ফিট,1
আমি ট্রাক চালাই,1
আমি ট্রাক দেখেছি,1
আমি ট্রেনে যাবো,1
আমি তেলাপোকা দেখি নাই,1
আমি তেলাপোকা দেখেছি,1
আমি তোমাকে অনেক ভাবি,1
আমি তোমার  সাথে দুপুরে দেখা করবো,1
আমি দুপুর ১ টায় মসজিদে যাই নামায পড়তে,1
আমি দূর্বল ডাক্তার দেখাবো,1
আমি পরশু কি করবো,1
আমি পরে শুনবো,1
আমি পাখি দেখি নাই,1
আমি পাখি দেখেছি,1
আমি পায়রা দেখেছি,1
আমি বাই সাইকেল চালাই যাই,1
আমি বিকালে যাবো,1
আমি বিড়াল দেখি নাই,1
আমি বিড়াল দেখেছি,1
আমি বিড়ালটি দেখেছি,1
আমি বুধবার দুধ খাবো,1
আমি বুধবার ভাত খাবো,1
আমি বুধবার মাংস খাবো,1
আমি বুধবার মাছ খাবো,1
আমি বৃহস্পতিবার দুধ খাবো,1
আমি বৃহস্পতিবার ভাত খাবো,1
আমি বৃহস্পতিবার মাংস খাবো,1
আমি বৃহস্পতিবার মাছ খাবো,1
আমি বোট দেখেছি,1
আমি ভ্যান চালাই,1
আমি মংগলবার দুধ খাবো,1
আমি মংগলবার ভাত খাবো,1
আমি মংগলবার মাংস খাবো,1
আমি মংগলবার মাছ খাবো,1
আমি মুরগী দেখি নাই,1
আমি যুদ্ধবিমান দেখেছি,1
আমি রবিবার দুধ খাবো,1
আমি রবিবার ভাত খাবো,1
আমি রবিবার মাংস খাবো,1
আমি রবিবার মাছ খাবো,1
আমি রিকশা চালাতে পারি,1
আমি শনিবার দুধ খাবো,1
আমি শনিবার ভাত খাবো,1
আমি শনিবার মাংস খাবো,1
আমি শনিবার মাছ খাবো,1
আমি সাপ দেখেছি,1
আমি সাপ দেখেনি,1
আমি সোমবার দুধ খাবো,1
আমি সোমবার ভাত খাবো,1
আমি সোমবার মাংস খাবো,1
আমি সোমবার মাছ খাবো,1
আমি হাতি দেখি নাই,1
আমি হাতি দেখেছি,1
আমি হাস দেখি নাই,1
আমি হাস দেখেছি,1
আমি ১ মাস আগে ডাক্তার দেখিয়েছি,1
আমি ১ মাস আগে দেখক করেছি তোমার সাথে,1
আমি ১ মাস পরে ডাক্তার দেখাবো,1
আমি ১৫ দিন পর দেখা করবো,1
আমি ২ মাস আগে ডাক্তার দেখিয়েছি,1
আমি ২ মাস পর দেখবো,1
আমী ছাগল দেখেছি,1
ওটার ওজন ১০ লিটার,1
কত দিন তোমাকে দেখি না,1
কত রাত তোমাকে দেখি না,1
গতকাল আমার ছোট বোন ডাক্তার দেখিয়েছে,1
গতকাল আমার ছোট ভাই ডাক্তার দেখিয়েছে,1
গতকাল আমার বোন ডাক্তার দেখিয়েছে,1
গতকাল আমার বড় বোন ডাক্তার দেখিয়েছে,1
গতকাল আমার বড় ভাই ডাক্তার দেখিয়েছে,1
গতকাল আমার ভাই ডাক্তার দেখিয়েছে,1
গতকাল আমার মা ডাক্তার দেখিয়েছে,1
গতকাল আমি তোমার সাথে দেখা করবো,1
চাচা আমি দেখি না,1
চাচা আমি দেখি,1
চাচা ওইটা তোমার কি হয়,1
চাচা তুমি কই যাও,1
তুমি আগে কি কাজ করছো,1
তুমি আমাকে কল দিও দুপুর ১ টায়,1
তুমি আমার সাথে দুপুরে দেখা করবে না,1
তুমি এনিমেল দেখেছো,1
তুমি কি জানো আমি কি বলবো,1
তুমি চিড়িয়াখানা যাবে,1
তুমি ট্রেনে যাবা,1
তুমি পরশু কি করবা,1
তুমি পরে শুনাও,1
তুমি বাসে যাও,1
তুমি বিকালে যাবা,1
তুমি বুধবার দুধ খাবে,1
তুমি বুধবার ভাত খাবে,1
তুমি বুধবার মাংস খাবে,1
তুমি বুধবার মাছ খাবে,1
তুমি বৃ্‌হস্পতিবার দুধ খাবো,1
তুমি বৃ্‌হস্পতিবার ভাত খাবো,1
তুমি বৃ্‌হস্পতিবার মাংস খাবো,1
তুমি বৃ্‌হস্পতিবার মাছ খাবো,1
তুমি মংগলবার দুধ খাবে,1
তুমি মংগলবার ভাত খাবে,1
তুমি মংগলবার মাংস খাবে,1
তুমি মংগলবার মাছ খাবে,1
তুমি রবিবার দুধ খাবে,1
তুমি রবিবার ভাত খাবে,1
তুমি রবিবার মাংস খাবে,1
তুমি রবিবার মাছ খাবে,1
তুমি শনিবার দুধ খাবা,1
তুমি শনিবার ভাত খাবা,1
তুমি শনিবার মাংস খাবা,1
তুমি শনিবার মাছ খাবা,1
তুমি শুক্রবার দুধ খাবা,1
তুমি শুক্রবার ভাত খাবা,1
তুমি শুক্রবার মাংস খাবা,1
তুমি শুক্রবার মাছ খাবা,1
তুমি সময় অনেক নিছো,1
তুমি সোমবার দুধ খাবে,1
তুমি সোমবার ভাত খাবে,1
তুমি সোমবার মাংস খাবে,1
তুমি সোমবার মাছ খাবে,1
তোমরা সবাই বিমানে যাবে,1
তোমার ওজন কত,1
দিনে আমি কি কাজ করি,1
দুপুর ১ টায় আমাকে কল দিও,1
দুপুরে আমাকে কল দিও,1
পরশু আমার বাবা আমাকে দেখেবে,1
পরশু আমার মা আমাকে দেখতে আসবে,1
পরশু আমার মা আমাকে দেখবে,1
পরশু আমি তোমার সাথে এক সাথে দেখা করবো,1
পরশু কি করবা,1
পরে আমি খাবো,1
পরে আমি দেখবো,1
পরে আমি লিখবো,1
পরে কি কাজ,1
পরে সময় আছে,1
পরে সময় নাই,1
প্রতিবেশি কেন আসে,1
মামা আমি তোমাকে অনেক পছন্দ করি,1
মামা আমি দেখি নাই,1
মামা আমি দেখেছি,1
মামা আমি প্লেনে যাবো,1
মামা কোথায় যাও,1
মামা বুধবার দুধ খায়,1
মামা বুধবার ভাত খায়,1
মামা বুধবার মাংস খায়,1
মামা বুধবার মাছ খায়,1
মামা বৃহস্পতিবার দুধ খায়,1
মামা বৃহস্পতিবার ভাত খায়,1
মামা বৃহস্পতিবার মাংস খায়,1
মামা বৃহস্পতিবার মাছ খায়,1
মামা মংগলবার দুধ খায়,1
মামা মংগলবার ভাত খায়,1
মামা মংগলবার মাংস খায়,1
মামা মংগলবার মাছ খায়,1
মামা রবিবার দুধ খায়,1
মামা রবিবার ভাত খায়,1
মামা রবিবার মাংস খায়,1
মামা রবিবার মাছ খায়,1
মামা শনিবার দুধ খায়,1
মামা শনিবার ভাত খায়,1
মামা শনিবার মাংস খায়,1
মামা শনিবার মাছ খায়,1
মামা শুক্রবার দুধ খায়,1
মামা শুক্রবার ভাত খায়,1
মামা শুক্রবার মাংস খায়,1
মামা সময় অনেক আছে,1
মামা সময় নেই,1
মামা সোমবার দু্‌ধ খায়,1
মামা সোমবার ভাত খায়,1
মামা সোমবার মাংস খায়,1
মামা সোমবার মাছ খায়,1
মামী শনিবার দুধ খায়,1
মামী শনিবার ভাত খায়,1
মামী শনিবার মাংস খায়,1
মামী শনিবার মাছ খায়,1
মামী শুক্রবার দুধ খায়,1
মামী শুক্রবার ভাত খায়,1
মামী শুক্রবার মাংস খায়,1
মামী শুক্রবার মাছ খায়,1
রাতে আমাকে কল দিও,1
রাতে আমার বাবা দেখা করবে,1
রাতে আমার মা দেখা করবে,1
রাতে তোমার সাথে দেখা হবে,1
রাতের সময় অনেক ভালো তোমার জন্য,1
রাতের সময় তোমার জন্য ভালো না,1
শরীর খারাপ ডাক্তার দেখাবো,1
শুক্রবার আমি ডাক্তার দেখাবো তুমি আমার সাথে দেখা কর,1
শুক্রবার আমি দুধ খাবো,1
শুক্রবার আমি ভাত খাবো,1
শুক্রবার আমি মাংস খাবো,1
শুক্রবার আমি মাছ খাবো,1
শুক্রবার ভালো দিন আমি মসজিদে যাবো,1
শোন আমি তোমাকে কিছু বলতে চাই,1
সকালে আমার বাবা দেখা করবে,1
সকালে আমার মা দেখা করবে,1
সকালে তোমার সাথে দেখা হবে,1
সকালের সময় অনেক ভালো কাজ হয়,1
সকালের সময় অনেক ভালো,1
সময় অনেক আছে আগে এখন খাবো,1
সময় আছে আগে এই কাজ করি,1
সময় খারাপ আজকে পরের দিন ভালো হবে,1
সময় নাই আগে এই কাজ করি,1
সময় নাই আগে খাও,1
সময় নাই আগে পড়,1
সময় নাই এখন ডাক্তার দেখাবো,1
সময় নাই দিন শেষ,1
সে পর্যন্ত আপনারা সবাই ভালো থাকুন,1
সে যানিবাহনে যাবে,1
১ দিন পর আমি আসবো,1
২ দিন কি কাজ করেছো,1
২ দিন সময় আছে,1
২ বছর পর দেখা হলো,1
২ রাত সময় আছে,1
২১ দিন পর,1
অক্টোবর মাসে শরৎকাল থাকে,1
আই এম সরি,1
আগস্ট মাসে ঘুরতে যাব,1
আগস্ট মাসেই বাড়িতে যাব,1
আপনার কিছু প্রয়োজন,1
আপনার বাসা কোথায়,1
আপনার বোন কি কাজ করে,1
আপনার ভাই কি কাজ করে,1
আপনার মা একজন গৃহিণী,1
আপনার মা কি কাজ করে,1
আপনি কি জাবেন সৃতিসৌধ,1
আপনি কি বাজারে যাবেন,1
আপনি কি ভাল আছেন নাকি,1
আপনি কি সংসদ ভবন এ যাবেন,1
আপনি কি স্কুল এ যান,1
আপনি দেখতে বেশ সুন্দর,1
আপনি হস্পিটাল এ যাবেন নাকি,1
আমাই দোকানদার,1
আমাদের সবার বিশেষ শিক্ষা দরকার,1
আমার আঙ্গুর ভালো লাগে,1
আমার আনারস ভালো লাগে,1
আমার আপেল ভালো লাগে,1
আমার আম ভালো লাগে,1
আমার আমড়া ভালো লাগে,1
আমার ইশারা ভাষা ভালো লাগে,1
আমার কদবেল খেতে ভালো লাগে,1
আমার কমলা অনেক ভালো লাগে,1
আমার কমলা রং ভালো লাগে,1
আমার কলা ভালো লাগে,1
আমার কাজ করতে ভালো লাগে,1
আমার কাঠাল ভালো লাগে,1
আমার কালো রং ভালো লাগে,1
আমার ক্লাস এর স্যার রাগি মানুষে ছিলেন,1
আমার খালতো ভাই ভালো,1
আমার খালা অস্ট্রেলিয়া যাবে,1
আমার খালা আফ্রিকা যাবে,1
আমার খালা আম খেতে পছন্দ করে,1
আমার খালা আমেরিকা যাবে,1
আমার খালা ইংল্যান্ডে যাবে,1
আমার খালা ইউরোপ যাবে,1
আমার খালা ইশারা ভাষা পছন্দ করে,1
আমার খালা এশিয়া যাবে,1
আমার খালা কাঁঠাল খেতে পছন্দ করে,1
আমার খালা কানাডা যাবে,1
আমার খালা ক্রিকেট খেলা পছন্দ করে,1
আমার খালা চীন যাবে,1
আমার খালা জাপান যাবে,1
আমার খালা নেপাল যাবে,1
আমার খালা পাকিস্তান যাবে,1
আমার খালা পেয়ারা খেতে পছন্দ করে,1
আমার খালা ফুটবল খেলা পছন্দ করে,1
আমার খালা বাংলাদেশের যাবে,1
আমার খালা বিদেশ যাবে,1
আমার খালা ভারত যাবে,1
আমার খালা ভালো মানুষ,1
আমার খালা ভুটান যাবে,1
আমার খালা মালদ্বীপ যাবে,1
আমার খালা রান্না খেতে মজা,1
আমার খালা রাশিয়া যাবে,1
আমার খালা লিচু খেতে পছন্দ করে,1
আমার খালা শ্রীলংকা যাবে,1
আমার খালা সৌদি আরব যাবে,1
আমার খালাতো বোন অনেক ভালো,1
আমার খালাতো বোন অস্ট্রেলিয়া যাবে,1
আমার খালাতো বোন আফ্রিকার ছবি,1
আমার খালাতো বোন আমেরিকা যাবে,1
আমার খালাতো বোন ইংল্যান্ডে যাবে,1
আমার খালাতো বোন ইউরোপ যাবে,1
আমার খালাতো বোন এশিয়া যাবে,1
আমার খালাতো বোন কানাডা যায়,1
আমার খালাতো বোন চীন যাবে,1
আমার খালাতো বোন নেপাল যাবে,1
আমার খালাতো বোন পাকিস্তান যাবে,1
আমার খালাতো বোন বাংলাদেশে যাবে,1
আমার খালাতো বোন বিদেশ যাবে,1
আমার খালাতো বোন ভারত চাবি,1
আমার খালাতো বোন ভার্সিটিতে পড়াশোনা করে,1
আমার খালাতো বোন ভুটান যাবে,1
আমার খালাতো বোন মালদ্বীপ যাবে,1
আমার খালাতো বোন রাশিয়া যাবে,1
আমার খালাতো বোন শ্রীলঙ্কায় যাবে,1
আমার খালাতো বোনের রান্না খেতে মজা,1
আমার খালাতো ভাই অস্ট্রেলিয়া যাবে,1
আমার খালাতো ভাই আফ্রিকা যায়,1
আমার খালাতো ভাই আমেরিকা যাবে,1
আমার খালাতো ভাই ইংল্যান্ডে যাবে,1
আমার খালাতো ভাই ইউরোপ যাবে,1
আমার খালাতো ভাই এশিয়া যাবে,1
আমার খালাতো ভাই কানাডা যাবে,1
আমার খালাতো ভাই গোয়েন্দা,1
আমার খালাতো ভাই চিন যাবে,1
আমার খালাতো ভাই নেপাল যাবে,1
আমার খালাতো ভাই পাকিস্তান যাবে,1
আমার খালাতো ভাই বাংলাদেশে যাবি,1
আমার খালাতো ভাই বিদেশ যাবে,1
আমার খালাতো ভাই ভারত যাবে,1
আমার খালাতো ভাই ভার্সিটিতে পড়ে,1
আমার খালাতো ভাই ভুটান যাবে,1
আমার খালাতো ভাই মালদ্বীপ যাবে,1
আমার খালাতো ভাই রান্না খেতে মজা,1
আমার খালাতো ভাই রাশিয়া যাবে,1
আমার খালাতো ভাই শ্রীলঙ্কায় যাবে,1
আমার খালার ফুলকপি খেতে ভালো লাগে,1
আমার খালার রান্না খেতে মজা,1
আমার খালু অস্ট্রেলিয়া যাবে,1
আমার খালু আফ্রিকা যাবে,1
আমার খালু আম খেতে পছন্দ করে,1
আমার খালু আমেরিকা যাবে,1
আমার খালু ইংল্যান্ডে যাবে,1
আমার খালু ইউরোপ যাবে,1
আমার খালু ইশারা ভাষা পছন্দ করে,1
আমার খালু এশিয়া যাবে,1
আমার খালু কাঁঠাল খেতে পছন্দ করে,1
আমার খালু কানাডা যাবে,1
আমার খালু ক্রিকেট খেলে পছন্দ,1
আমার খালু চীন যাবে,1
আমার খালু জাপান যাবে,1
আমার খালু নেপাল যাবে,1
আমার খালু পাকিস্তান যাবে,1
আমার খালু পেয়ারা খেতে পছন্দ করে,1
আমার খালু বাংলাদেশে যাবে,1
আমার খালু বিদেশ যাবে,1
আমার খালু বিমানবন্দরে থাকে,1
আমার খালু ভারত যাবে,1
আমার খালু ভালো মানুষ,1
আমার খালু ভুটান যাবে,1
আমার খালু মালদ্বীপ যাবে,1
আমার খালু রান্না খেতে মজা,1
আমার খালু রাশিয়া যাবে,1
আমার খালু লিচু খেতে পছন্দ করে,1
আমার খালু শ্রীলংকা যাবে,1
আমার খালু সৌদি আরব যাবে,1
আমার খালুর ফুলকপি খেতে ভালো লাগে,1
আমার গোলাপী রং ভালো লাগে,1
আমার গ্রীষ্মকাল অনেক ভালো লাগে,1
আমার চাচ গোয়েন্দা,1
আমার চাচ চোর,1
আমার চাচা অস্ট্রেলিয়া যাবে,1
আমার চাচা আফ্রিকা যাবে,1
আমার চাচা আম খেতে পছন্দ করে,1
আমার চাচা আমেরিকা যাবে,1
আমার চাচা ইংল্যান্ডে যাবে,1
আমার চাচা ইউরোপ যাবে,1
আমার চাচা ইশারা ভাষা পছন্দ করে,1
আমার চাচা এশিয়া যাবে,1
আমার চাচা কাঁঠাল খেতে পছন্দ করে,1
আমার চাচা কানাডা যাবে,1
আমার চাচা ক্রিকেট খেলা পছন্দ করে,1
আমার চাচা চীন যাবে,1
আমার চাচা জাপান যাবে,1
আমার চাচা দর্জি,1
আমার চাচা দোকানদার,1
আমার চাচা নেপাল যাবে,1
আমার চাচা পাকিস্তান যাবে,1
আমার চাচা পেয়ারা  খেতে পছন্দ করে,1
আমার চাচা ফুটবল খেলা পছন্দ করে,1
আমার চাচা বাংলাদেশে যাবে,1
আমার চাচা বিদেশ যাবে,1
আমার চাচা ভারত যাবে,1
আমার চাচা ভালো মানুষ,1
আমার চাচা ভুটান যাবে,1
আমার চাচা মালদ্বীপ যাবে,1
আমার চাচা রাশিয়া যাবে,1
আমার চাচা রিকশাচালক,1
আমার চাচা লিচু খেতে পছন্দ করে,1
আমার চাচা শ্রমিক,1
আমার চাচা শ্রীলঙ্কা যাবে,1
আমার চাচা সৌদি আরব যাবে,1
আমার চাচাতো বোন অস্ট্রেলিয়া যাবে,1
আমার চাচাতো বোন আফ্রিকা যাবে,1
আমার চাচাতো বোন আমেরিকা যাবে,1
আমার চাচাতো বোন ইংল্যান্ডে যাবে,1
আমার চাচাতো বোন ইউরোপ যাবে,1
আমার চাচাতো বোন এশিয়া যাবে,1
আমার চাচাতো বোন কানাডা যাবে,1
আমার চাচাতো বোন চিন যাবে,1
আমার চাচাতো বোন চোর,1
আমার চাচাতো বোন নেপাল যাবে,1
আমার চাচাতো বোন পাকিস্তান যাবে,1
আমার চাচাতো বোন বাংলাদেশ যাবে,1
আমার চাচাতো বোন বিদেশ  যাবে,1
আমার চাচাতো বোন ভারত যাবে,1
আমার চাচাতো বোন ভার্সিটিতে পড়ালেখা করে,1
আমার চাচাতো বোন ভুটান যাবে,1
আমার চাচাতো বোন মালদ্বীপ যাবে,1
আমার চাচাতো বোন রাশিয়া যাবে,1
আমার চাচাতো বোন শ্রীলঙ্কায় যাবে,1
আমার চাচাতো বোনের রান্না খেতে মজা,1
আমার চাচাতো ভাই অস্ট্রেলিয়া যাবে,1
আমার চাচাতো ভাই আফ্রিকা যাবে,1
আমার চাচাতো ভাই আমেরিকা যাবে,1
আমার চাচাতো ভাই ইংল্যান্ডে যাবে,1
আমার চাচাতো ভাই ইউরোপ যাবে,1
আমার চাচাতো ভাই ইশারা বাসা পছন্দ করে,1
আমার চাচাতো ভাই এশিয়া যাবে,1
আমার চাচাতো ভাই কানাডা যাবে,1
আমার চাচাতো ভাই চীন যাবে,1
আমার চাচাতো ভাই চোর,1
আমার চাচাতো ভাই নেপাল যাবে,1
আমার চাচাতো ভাই পাকিস্তান যাবে,1
আমার চাচাতো ভাই বাংলাদেশে যাবে,1
আমার চাচাতো ভাই বিদেশ যাবে,1
আমার চাচাতো ভাই ভারত যাবে,1
আমার চাচাতো ভাই ভার্সিটিতে যাবে,1
আমার চাচাতো ভাই ভালো মানুষ,1
আমার চাচাতো ভাই ভুটান যাবে,1
আমার চাচাতো ভাই মালদ্বীপ যাবে,1
আমার চাচাতো ভাই রান্না খেতে বল,1
আমার চাচাতো ভাই রাশিয়া যাবে,1
আমার চাচাতো ভাই শ্রীলঙ্কায় যাবে,1
আমার চাচার ফুলকপি খেতে ভালো লাগে,1
আমার চাচার রান্না খেতে মজা,1
আমার চাচি অস্ট্রেলিয়া যাবে,1
আমার চাচি আমি খেতে পছন্দ করে,1
আমার চাচি আমেরিকা যাবে,1
আমার চাচি ইংল্যান্ডে যাবে,1
আমার চাচি ইউরোপ যাবে,1
আমার চাচি ইশারা ভাষা পছন্দ করি,1
আমার চাচি এশিয়া যাবে,1
আমার চাচি কানাডা যাবে,1
আমার চাচি ক্রিকেট খেলা পছন্দ করে না,1
আমার চাচি চিন যাবে,1
আমার চাচি জাপান যাবে,1
আমার চাচি নেপাল যাবে,1
আমার চাচি পাকিস্তান যাবে,1
আমার চাচি পেয়ারা খেতে পছন্দ করে,1
আমার চাচি ফুটবল খেলা পছন্দ করে,1
আমার চাচি বাংলাদেশে যাবে,1
আমার চাচি বিদেশ যাবে,1
আমার চাচি ভারত যাবে,1
আমার চাচি ভুটান যাবে,1
আমার চাচি মালদ্বীপ যাবে,1
আমার চাচি লিচু খেতে পছন্দ করে,1
আমার চাচি শ্রীলংকা যাবে,1
আমার চাচি সৌদি আরব যাবে,1
আমার চাচির ফুলকপি খেতে ভালো লাগে,1
আমার চাচী আফ্রিকা যাবে,1
আমার চাচী রাশিয়া যাবে,1
আমার চাচীর রান্না খেতে মজা,1
আমার চালতা ভালো লাগে,1
আমার জলপাই ভালো লাগে,1
আমার জাম ভালো লাগে,1
আমার জাম্বুরা ভালো লাগে,1
আমার তরমুজ পছন্দ,1
আমার তাল ভালো লাগে,1
আমার তেতুল ভালো লাগে,1
আমার দাদ অনেক ভালো,1
আমার দাদা নিরক্ষর,1
আমার দাদি সুন্দর,1
আমার দুধ খেতে ভালো লাগে,1
আমার নানার রান্না খেতে মজা,1
আমার নানি রান্না খেতে মজা,1
আমার নারিকেল খেতে ভালো লাগে,1
আমার নীল রং ভালো লাগে,1
আমার পছন্দের ঋতু গ্রীষ্মকাল,1
আমার পেপে খেতে ভালো লাগে,1
আমার পেয়ারা ভালো লাগে,1
আমার প্রিয় রং কালো,1
আমার ফুপা রাশিয়া যাবে,1
আমার ফুপাতো ভাই রাশিয়া যাবে,1
আমার ফুফা  ইউরোপ যাবে,1
আমার ফুফা অস্ট্রেলিয়া যাবে,1
আমার ফুফা আফ্রিকা যাবে,1
আমার ফুফা আমি কেটে পছন্দ করে,1
আমার ফুফা আমেরিকা যাবে,1
আমার ফুফা ইংল্যান্ডে যাবি,1
আমার ফুফা ইশারা ভাষা পছন্দ করে,1
আমার ফুফা এশিয়া যাবে,1
আমার ফুফা কানাডা যাবে,1
আমার ফুফা ক্রিকেট খেলা পছন্দ করে না,1
আমার ফুফা চীন যাবে,1
আমার ফুফা জাপান যাবে,1
আমার ফুফা নেপাল যাবে,1
আমার ফুফা পাকিস্তান যাবে,1
আমার ফুফা পেয়ারা খেতে পছন্দ করে,1
আমার ফুফা ফুটবল খেলা পছন্দ করে,1
আমার ফুফা বাংলাদেশে যাবে,1
আমার ফুফা বিদেশ যাবে,1
আমার ফুফা ভারত যাবে,1
আমার ফুফা ভুটান  যাবে,1
আমার ফুফা মালদ্বীপ যাবে,1
আমার ফুফা লিচু খেতে পছন্দ করে,1
আমার ফুফা শ্রীলংকা যাবে,1
আমার ফুফা সৌদি আরব যাবে,1
আমার ফুফাতো বোন অস্ট্রেলিয়া যাবে,1
আমার ফুফাতো বোন আফ্রিকা যাবে,1
আমার ফুফাতো বোন আমেরিকা যাবে,1
আমার ফুফাতো বোন ইংল্যান্ডে যাবে,1
আমার ফুফাতো বোন ইউরোপ যাবে,1
আমার ফুফাতো বোন এশিয়া যাবে,1
আমার ফুফাতো বোন কানাডা যাবে,1
আমার ফুফাতো বোন চীন যাবে,1
আমার ফুফাতো বোন নেপাল যাবে,1
আমার ফুফাতো বোন পাকিস্তান যাবে,1
আমার ফুফাতো বোন বাংলাদেশের যাবে,1
আমার ফুফাতো বোন বিদেশ যাবে,1
আমার ফুফাতো বোন ভারত যাবে,1
আমার ফুফাতো বোন ভালো মানুষ,1
আমার ফুফাতো বোন ভুটান  যাবে,1
আমার ফুফাতো বোন মালদ্বীপ যাবে,1
আমার ফুফাতো বোন রাশিয়া যাবে,1
আমার ফুফাতো বোন শ্রীলঙ্কায় যাবে,1
আমার ফুফাতো বোনের রান্না খেতে মজা,1
আমার ফুফাতো ভাই অস্ট্রেলিয়া যাবে,1
আমার ফুফাতো ভাই আফ্রিকা যাবে,1
আমার ফুফাতো ভাই আমেরিকা যাবে,1
আমার ফুফাতো ভাই ইংল্যান্ডে যাবে,1
আমার ফুফাতো ভাই ইউরোপ যাবে,1
আমার ফুফাতো ভাই এশিয়া যাবে,1
আমার ফুফাতো ভাই কানাডা যাবে,1
আমার ফুফাতো ভাই গোয়েন্দা,1
আমার ফুফাতো ভাই চীন যাবে,1
আমার ফুফাতো ভাই নেপাল যাবে,1
আমার ফুফাতো ভাই পাকিস্তান যাবে,1
আমার ফুফাতো ভাই বাংলাদেশে যাবে,1
আমার ফুফাতো ভাই বিদেশ যাবে,1
আমার ফুফাতো ভাই ভারত যাবে,1
আমার ফুফাতো ভাই ভুটানের,1
আমার ফুফাতো ভাই মালদ্বীপ যাবে,1
আমার ফুফাতো ভাই শ্রীলঙ্কায় যাবে,1
আমার ফুফাতো ভাইয়ের রান্না খেতে মজা,1
আমার ফুফার রান্না খেতে মজা,1
আমার ফুফু অস্ট্রেলিয়া যাবে,1
আমার ফুফু আফ্রিকা যাবে,1
আমার ফুফু আমি খেতে পছন্দ করে,1
আমার ফুফু আমেরিকা যাবে,1
আমার ফুফু ইংল্যান্ডে যাবে,1
আমার ফুফু ইউরোপ যাবে,1
আমার ফুফু ইশারা ভাষা পছন্দ করে,1
আমার ফুফু এশিয়া যাবে,1
আমার ফুফু কাঁঠাল খেতে পছন্দ করে,1
আমার ফুফু কানাডা যাবে,1
আমার ফুফু ক্রিকেট খেলা পছন্দ করে,1
আমার ফুফু চীন যাবে,1
আমার ফুফু জাপান যাবে,1
আমার ফুফু নেপাল যাবে,1
আমার ফুফু পাকিস্তান যাবে,1
আমার ফুফু পেয়ার  খেতে পছন্দ করে,1
আমার ফুফু ফুটবল খেলা পছন্দ করে,1
আমার ফুফু বাংলাদেশে যাবে,1
আমার ফুফু বিদেশ যাবে,1
আমার ফুফু ভারত যাবে,1
আমার ফুফু ভালো মানুষ,1
আমার ফুফু ভুটান যাবে,1
আমার ফুফু মালদ্বীপ যাবে,1
আমার ফুফু রাশিয়া যাবে,1
আমার ফুফু লিচু খেতে পছন্দ করে,1
আমার ফুফু শ্রীলংকা যাবে,1
আমার ফুফু সৌদি আরব যাবে,1
আমার ফুফুর রান্না খেতে মজা,1
আমার ফুলকপি খেতে ভালো লাগে,1
আমার ফুলকপি খেতে ভালো লাগে।,1
আমার বই পড়তে ভাল লাগে,1
আমার বরই ভালো লাগে,1
আমার বর্ষাকাল অনেক ভালো লাগে,1
আমার বসন্তকাল ভালো লাগে,1
আমার বাজারের এইখানে বাসা আছে,1
আমার বাব উকিল,1
আমার বাবা অস্ট্রেলিয়া যাবে,1
আমার বাবা আফ্রিকা যাবে,1
আমার বাবা আম খেতে পছন্দ করে,1
আমার বাবা আমেরিকা যাবে,1
আমার বাবা ইউরোপ যাবে,1
আমার বাবা ইলেক্ট্রিশিয়ান,1
আমার বাবা ইশারা ভাষা  পছন্দ করে,1
আমার বাবা এশিয়া যাবে,1
আমার বাবা কসাই,1
আমার বাবা কাঁঠাল খেতে পছন্দ করেন,1
আমার বাবা কানাডা যাবে,1
আমার বাবা কৃষক,1
আমার বাবা ক্রিকেট খেলা পছন্দ করি,1
আমার বাবা গোয়েন্দা,1
আমার বাবা চীন যাবে,1
আমার বাবা জাপান যাবে,1
আমার বাবা জেলে,1
আমার বাবা নিরক্ষর,1
আমার বাবা নেপাল যাবে,1
আমার বাবা পাকিস্তান যাবে,1
আমার বাবা পেয়ারা খেতে পছন্দ করে,1
আমার বাবা ফুটবল খেলা পছন্দ করি,1
আমার বাবা বাংলাদেশে যাবে,1
আমার বাবা বাড়ি করবে,1
আমার বাবা বাবুর্চি,1
আমার বাবা বিদেশ যাবে,1
আমার বাবা ভারত যাবে,1
আমার বাবা ভালো,1
আমার বাবা ভুটান যাবে,1
আমার বাবা মালদ্বীপ যাবে,1
আমার বাবা রাশিয়া যাবে,1
আমার বাবা লিচু খেতে পছন্দ করে,1
আমার বাবা শ্রমিক,1
আমার বাবা শ্রীলংকা যাবে,1
আমার বাবা সরকারি চাকরিজিবি,1
আমার বাবা সৈনিক,1
আমার বাবা সৌদি আরব যাবে,1
আমার বাবাও দোকানদার,1
আমার বাবাও মসজিদ এ যাবে,1
আমার বাবাকে আমি ভালোবাসি,1
আমার বাবার গ্রীষ্মকাল অনেক  অনেক ভালো লাগে,1
আমার বাবার বর্ষাকাল অনেক ভালো লাগে,1
আমার বাবার রান্না খেতে মজা,1
আমার বাসা ভালো লাগে,1
আমার বিশেষ শিক্ষা দরকার,1
আমার বোন অস্ট্রেলিয়া যাবে,1
আমার বোন আফ্রিকা যাবে,1
আমার বোন আম খেতে পছন্দ করে,1
আমার বোন আমেরিকা যাবে,1
আমার বোন ইংল্যান্ডে যাবে,1
আমার বোন ইউরোপ যাবে,1
আমার বোন ইশারা ভাষা পছন্দ করে,1
আমার বোন এর বাসা হসপিটাল এর অইখানে,1
আমার বোন এর রান্না খেতে মজা,1
আমার বোন এশিয়া যাবে,1
আমার বোন কাঁঠাল খেতে পছন্দ করে,1
আমার বোন কানাডা যাবে,1
আমার বোন ক্রিকেট খেলা পছন্দ করে,1
আমার বোন গায়িকা,1
আমার বোন চীন যাবে,1
আমার বোন জাপান যাবে,1
আমার বোন নাই,1
আমার বোন নার্স,1
আমার বোন নেপাল যাবে,1
আমার বোন পাকিস্তান যাবে,1
আমার বোন পেয়ারা খেতে পছন্দ করে,1
আমার বোন ফুটবল খেলা অনেক পছন্দ করে,1
আমার বোন বাংলাদেশে যাবে,1
আমার বোন বিদেশ যাবে,1
আমার বোন ভালো যাবে,1
আমার বোন ভুটান যাবে,1
আমার বোন মালদ্বীপ যাবে,1
আমার বোন ম্যাডাম,1
আমার বোন রাশিয়া যাবে,1
আমার বোন রেস্টুরেন্টে যায়,1
আমার বোন লিচু খেতে পছন্দ করে,1
আমার বোন শ্রীলঙ্কা যাবে,1
আমার বোন সুন্দর,1
আমার বোন সৌদি আরব যাবে,1
আমার বোন স্কুল এ যায়,1
আমার বোনের ফুলকপি খেতে ভালো লাগে,1
আমার বোনের শরৎকাল অনেক ভালো লাগে,1
আমার ভাই অফিসার,1
আমার ভাই অস্ট্রেলিয়া যাবে,1
আমার ভাই আফ্রিকা যাবে,1
আমার ভাই আম খেতে পছন্দ করে,1
আমার ভাই আমেরিকা যাবে,1
আমার ভাই ইউরোপ যাবে,1
আমার ভাই ইশারা ভাষা  পছন্দ করে,1
আমার ভাই একজন স্যার,1
আমার ভাই এশিয়া যাবে,1
আমার ভাই কাঁঠাল খেতে পছন্দ করে,1
আমার ভাই কানাডা যাবে,1
আমার ভাই ক্রিকেট খেলা পছন্দ করে,1
আমার ভাই গোয়েন্দা,1
আমার ভাই চিনে যাবে,1
আমার ভাই জাপান যাবে,1
আমার ভাই দোকানদার,1
আমার ভাই নাপিত,1
আমার ভাই নিরক্ষর,1
আমার ভাই নেপাল যাবে,1
আমার ভাই পাইলট,1
আমার ভাই পাকিস্তান যাবে,1
আমার ভাই পেয়ারা খেতে পছন্দ করে,1
আমার ভাই ফুটবল খেলা অনেক পছন্দ করে,1
আমার ভাই বাংলাদেশে যাবে,1
আমার ভাই বিদেশ যাবে,1
আমার ভাই ভারত যাবে,1
আমার ভাই ভার্সিটিতে যাবে,1
আমার ভাই ভুটান যাবে,1
আমার ভাই মসজিদ এ যাবে,1
আমার ভাই মালদ্বীপ যাবে,1
আমার ভাই রাশিয়া যাবে,1
আমার ভাই রেস্টুরেন্টে যায়,1
আমার ভাই লিচু খেতে পছন্দ করে,1
আমার ভাই শিক্ষার্থী,1
আমার ভাই শ্রীলঙ্কায় যাবে,1
আমার ভাই সরকারি চাকরিজিবি,1
আমার ভাই সাংবাদিক,1
আমার ভাই সৌদি আরব যাবে,1
আমার ভাই স্কুল এ যায়,1
আমার ভাইয়ের ফুলকপি খেতে ভালো লাগে,1
আমার ভাইয়ের রান্না খেতে মজা,1
আমার ভাত খেতে ভাল লাগে,1
আমার মসজিদ ভালো লাগে,1
আমার মা অস্ট্রেলিয়া যাবে,1
আমার মা আফ্রিকা যাবে,1
আমার মা আম খেতে পছন্দ করে,1
আমার মা আমেরিকা যাবে,1
আমার মা ইউরোপ যাবে,1
আমার মা ইশারা ভাষা পছন্দ করে,1
আমার মা এশিয়া যাবে,1
আমার মা কাঁঠাল খেতে পছন্দ করে,1
আমার মা কানাডা যাবে,1
আমার মা গৃহিণি,1
আমার মা চিন যাবে,1
আমার মা জাপান যাবে,1
আমার মা নেপাল যাবে,1
আমার মা পাকিস্তান যাবে,1
আমার মা ফুটবল খেলা পছন্দ করে,1
আমার মা বাংলাদেশে যাবে,1
আমার মা বাড়ি করবে,1
আমার মা বাবুর্চি,1
আমার মা ভারত যাবে,1
আমার মা ভালো,1
আমার মা ভুটান যাবে,1
আমার মা মালদ্বীপ যাবে,1
আমার মা রাশিয়া যাবে,1
আমার মা লিচু খেতে পছন্দ করে,1
আমার মা শ্রীলংকা যাবে,1
আমার মা সৌদি আরব যাবে,1
আমার মাও গৃহিনী,1
আমার মাছ খেতে ভালো লাগে,1
আমার মামা অস্ট্রেলিয়া যাবে,1
আমার মামা আফ্রিকা যাবে,1
আমার মামা আবার সৌদি আরব যাবে,1
আমার মামা আম খেতে পছন্দ করি,1
আমার মামা আমেরিকা যাবে,1
আমার মামা ইংল্যান্ড যাবে,1
আমার মামা ইউরোপ যাবে,1
আমার মামা ইশারা ভাষা পছন্দ করে,1
আমার মামা এশিয়া যাবে,1
আমার মামা কাঁঠাল খেতে পছন্দ করে,1
আমার মামা কানাডা যাবে,1
আমার মামা ক্রিকেট  খেলা পছন্দ করে,1
আমার মামা চিন যাবে,1
আমার মামা জাপান যাবে,1
আমার মামা নেপাল যাবে,1
আমার মামা পাকিস্তান যাবে,1
আমার মামা পেয়ারা খেতে পছন্দ করে,1
আমার মামা ফুটবল খেলা পছন্দ করে,1
আমার মামা বাংলাদেশে যাবে,1
আমার মামা বিদেশ যাবে,1
আমার মামা ভারত যাবে,1
আমার মামা ভালো মানুষ,1
আমার মামা ভুটান যাবে,1
আমার মামা মালদ্বীপ যাবে,1
আমার মামা রাশিয়া যাবে,1
আমার মামা লিচু খেতে পছন্দ,1
আমার মামা শ্রীলঙ্কা যাবে,1
আমার মামা সৌদি আরব যাবে,1
আমার মামাতো  বোন আফ্রিকা যাবে,1
আমার মামাতো বোন অস্ট্রেলিয়া যাবে,1
আমার মামাতো বোন আমেরিকা যাবে,1
আমার মামাতো বোন ইংল্যান্ডে যাবে,1
আমার মামাতো বোন ইউরোপ যাবে,1
আমার মামাতো বোন এশিয়া যাবে,1
আমার মামাতো বোন কানাডা যাবে,1
আমার মামাতো বোন চীন যাবে,1
আমার মামাতো বোন নাই,1
আমার মামাতো বোন নেপাল যাবে,1
আমার মামাতো বোন পাকিস্তান যাবে,1
আমার মামাতো বোন বাংলাদেশে যাবে,1
আমার মামাতো বোন বিদেশ যাবে,1
আমার মামাতো বোন ভারত যাবে,1
আমার মামাতো বোন ভালো,1
আমার মামাতো বোন ভুটান যাবে,1
আমার মামাতো বোন মালদ্বীপ যাবে,1
আমার মামাতো বোন রাশিয়া যাবে,1
আমার মামাতো বোন শ্রীলঙ্কায় যাবে,1
আমার মামাতো বোনের রান্না খেতে হবে,1
আমার মামাতো ভাই অস্ট্রেলিয়া যাবে,1
আমার মামাতো ভাই আফ্রিকা যাবে,1
আমার মামাতো ভাই আমেরিকা যাবে,1
আমার মামাতো ভাই ইংল্যান্ডে যাবে,1
আমার মামাতো ভাই ইউরোপ যাবে,1
আমার মামাতো ভাই এশিয়া যাবে,1
আমার মামাতো ভাই কানাডা যাবে,1
আমার মামাতো ভাই চিন যাবে,1
আমার মামাতো ভাই নেপাল যাবে,1
আমার মামাতো ভাই পাকিস্তানি যাবে,1
আমার মামাতো ভাই বাংলাদেশে যাবে,1
আমার মামাতো ভাই বিদেশ যাবে,1
আমার মামাতো ভাই ভারত যাবে,1
আমার মামাতো ভাই ভালো,1
আমার মামাতো ভাই ভুটান যাবে,1
আমার মামাতো ভাই মালদ্বীপ যাবে,1
আমার মামাতো ভাই রাশিয়া যাবে,1
আমার মামাতো ভাই শ্রীলঙ্কায় যাবে,1
আমার মামাতো ভাইয়ের রান্না খেতে মজা,1
আমার মামার ফুলকপি খেতে ভালো লাগে,1
আমার মামার রান্না খেতে মজা,1
আমার মামি অস্ট্রেলিয়া যাবে,1
আমার মামি আফ্রিকা যাবে,1
আমার মামি আম খেতে পছন্দ করে,1
আমার মামি আমেরিকা যাবে,1
আমার মামি ইংল্যান্ডে যাবে,1
আমার মামি এশিয়া যাবে,1
আমার মামি কানাডা যাবে,1
আমার মামি নেপাল যাবে,1
আমার মামি পাকিস্তান যাবে,1
আমার মামি পেয়ারা খেতে পছন্দ করে,1
আমার মামি বাংলাদেশে যাবে,1
আমার মামি বিদেশ যাবে,1
আমার মামি ভারত যাবে,1
আমার মামি ভালো মানুষ,1
আমার মামি ভুটান যাবে,1
আমার মামি মালদ্বীপ যাবে,1
আমার মামি শ্রীলঙ্কা যাবে,1
আমার মামি সৌদি আরব যাবে,1
আমার মামী ইউরোপ যাবে,1
আমার মামী ইশারা ভাষা পছন্দ করে,1
আমার মামী জাপান যাবে,1
আমার মামী ফুটবল খেলা পছন্দ করে,1
আমার মামী রাশিয়া যাবে,1
আমার মামীর চীন যাবে,1
আমার মামীর ফুলকপি খেতে ভালো লাগে,1
আমার মামীর রান্না খেতে মজা,1
আমার মায়ের রান্না খেতে মজা,1
আমার মিষ্টি ভালো লাগে,1
আমার রুটি ভালো লাগে,1
আমার লাল রং ভালো লাগে,1
আমার লিচু ভালো লাগে,1
আমার লেখতে ভালো লাগে,1
আমার লেবু ভালো লাগে,1
আমার শরৎকাল অনেক ভালো লাগে,1
আমার শীতকাল অনেক ভালো লাগে,1
আমার সব সময় শরৎকাল অনেক ভালো লাগে,1
আমার সবুজ রং ভালো লাগে,1
আমার সম্মান ভালো লাগে,1
আমার সাদা রং  ভালো লাগে,1
আমার হলুদ রং ভালো লাগে,1
আমার হেমন্ত কাল অনেক বেশি ভালো লাগে,1
আমি অক্টোবর পাকিস্তান যাব,1
আমি অক্টোবরে ঘুরতে যাব,1
আমি অক্টোবরে নেপাল যাবো,1
আমি অক্টোবরে বাড়িতে যাব,1
আমি অক্টোবরে ভারত যাব,1
আমি অক্টোবরে ভুটান যাব,1
আমি অনেক ভালো আছি,1
আমি অফিসার,1
আমি অস্ট্রেলিয়া যাব,1
আমি আগস্টে নেপাল যাবো,1
আমি আগস্টে পাকিস্তান যাব,1
আমি আগস্টে ভারত যাব,1
আমি আগস্টে ভুটান যাবো,1
আমি আপনাকে সাহায্য করবো,1
আমি আপনাকে সাহায্য করবো কিভাবে,1
আমি আফ্রিকা যাব,1
আমি আমেরিকা যাব,1
আমি ইউরোপ যাব,1
আমি ইঞ্জিনিয়ার,1
আমি ইলেক্ট্রিশিয়ান,1
আমি একজন বাবুর্চি,1
আমি এপ্রিল নেপাল যাবো,1
আমি এপ্রিল মাসে ঘুরতে যাব,1
আমি এপ্রিল মাসে বাড়িতে যাব,1
আমি এপ্রিলে পাকিস্তান যাব,1
আমি এপ্রিলে ভারত যাব,1
আমি এপ্রিলে ভুটান যাবো,1
আমি এপ্রিলে মালদ্বীপ যাব,1
আমি এশিয়া যাব,1
আমি ও তুমি স্কুল যাই,1
আমি কফি খাই,1
আমি কবি,1
আমি কানাডা যাব,1
আমি কি করি,1
আমি গায়ক,1
আমি গোয়েন্দা,1
আমি গ্রীষ্মকালে বাড়িতে যাই,1
আমি চা খাই,1
আমি চিঠি লিখি,1
আমি চীন যাব,1
আমি জানুয়ারিতে নেপাল যাবো,1
আমি জানুয়ারিতে পাকিস্তান যাব,1
আমি জানুয়ারিতে ভারত যাব,1
আমি জানুয়ারিতে ভুটান যাব,1
আমি জানুয়ারিতে মালদ্বীপ যাব,1
আমি জাপান যাবো,1
আমি জুন মাসে নেপাল যাবো,1
আমি জুন মাসে ভারত যাব,1
আমি জুনে পাকিস্তান যাব,1
আমি জুনে ভুটান যাব,1
আমি জুলাই এ নেপাল যাব,1
আমি জুলাই ভুটান যাব,1
আমি জুলাই মাসে ভারত যাব,1
আমি জুলাইয়ে পাকিস্তান যাব,1
আমি ডায়েরি লিখি,1
আমি ডিসেম্বরে ঘুরতে যাব,1
আমি ডিসেম্বরে নেপাল যাবো,1
আমি ডিসেম্বরে পাকিস্তান যাব,1
আমি ডিসেম্বরে বাড়িতে যাব,1
আমি ডিসেম্বরে ভারত যাব,1
আমি ডিসেম্বরে ভুটান যাব,1
আমি তুমি অনেক ভালো,1
আমি তুমি কসাই,1
আমি তুমি ভালো,1
আমি তোমাক ভালোবাসি,1
আমি তোমার বোন,1
আমি তোমার ভাই,1
আমি নভেম্বরে ঘুরতে যাব,1
আমি নভেম্বরে নেপাল যাব,1
আমি নভেম্বরে পাকিস্তান যাব,1
আমি নভেম্বরে বাড়িতে যাব,1
আমি নভেম্বরে ভারত যাব,1
আমি নভেম্বরে ভুটান যাব,1
আমি নেপাল যাব,1
আমি পাকিস্তান যাব,1
আমি পানি পান করি,1
আমি ফেব্রুয়ারিতে ঘুরতে যাব,1
আমি ফেব্রুয়ারিতে নেপাল যাব,1
আমি ফেব্রুয়ারিতে বাড়িতে যাব,1
আমি ফেব্রুয়ারিতে ভারত যাব,1
আমি ফেব্রুয়ারিতে ভুটান দেবো,1
আমি ফেব্রুয়ারিতে মালদ্বীপ যাব,1
আমি বই পাড়ি,1
আমি বসন্তকালে বাড়িতে যাই,1
আমি বাংলাদেশে যাব,1
আমি বাজারে যাবো,1
আমি বাড়ি করবো,1
আমি বিদেশ যাব,1
আমি বিমানবন্দরে যাবো,1
আমি বিহস্পতিবার স্কুল এ যাই,1
আমি বুধবার অস্ট্রেলিয়া যাব,1
আমি বুধবার আফ্রিকা যাব,1
আমি বুধবার আমেরিকা যাবো,1
আমি বুধবার ইউরোপ যাব,1
আমি বুধবার এশিয়া যাব,1
আমি বুধবার বিদেশ যাব,1
আমি বুধবার স্কুল এ যাই,1
আমি বুধবারে অফিস যাব,1
আমি বুধবারে ইংল্যান্ড যাব,1
আমি বুধবারে কানাডা যাব,1
আমি বুধবারে ক্রিকেট খেলি,1
আমি বুধবারে খেলাধুলা করি,1
আমি বুধবারে ঘুরতে যাই,1
আমি বুধবারে চিন যাবো,1
আমি বুধবারে জাপান যাবো,1
আমি বুধবারে নেপাল যাব,1
আমি বুধবারে পাকিস্তান যাব,1
আমি বুধবারে বাড়িতে যাই,1
আমি বুধবারে ভারত যাব,1
আমি বুধবারে ভুটান যাব,1
আমি বুধবারে মসজিদে যাই,1
আমি বুধবারে মালদ্বীপ যাব,1
আমি বুধবারে মুভি দেখতে যাব,1
আমি বুধবারে রোজা রাখি,1
আমি বুধবারে শ্রীলংকা যাব,1
আমি বুধবারে সৌদি আরব যাব,1
আমি বুধবারের রাশিয়া যাব,1
আমি বৃহস্পতিবার অস্ট্রেলিয়া যাব,1
আমি বৃহস্পতিবার আফ্রিকা যাবো,1
আমি বৃহস্পতিবার আমেরিকা যাবো,1
আমি বৃহস্পতিবার ইংল্যান্ড যাব,1
আমি বৃহস্পতিবার ইউরোপ যাব,1
আমি বৃহস্পতিবার এ কানাডা যাব,1
আমি বৃহস্পতিবার এই ঘুরতে যাব,1
আমি বৃহস্পতিবার এশিয়া যাব,1
আমি বৃহস্পতিবার জাপান যাবো,1
আমি বৃহস্পতিবার বাড়িতে যাব,1
আমি বৃহস্পতিবার বিদেশ যাবো,1
আমি বৃহস্পতিবার মুভি দেখতে যাব,1
আমি বৃহস্পতিবার রাশিয়া যাব,1
আমি বৃহস্পতিবারে ক্রিকেট খেলি,1
আমি বৃহস্পতিবারে খেলাধুলা করি,1
আমি বৃহস্পতিবারে চিন যাবো,1
আমি বৃহস্পতিবারে নেপাল যাব,1
আমি বৃহস্পতিবারে পাকিস্তান যাব,1
আমি বৃহস্পতিবারে ভারত যাব,1
আমি বৃহস্পতিবারে মসজিদে যাব,1
আমি বৃহস্পতিবারে মালদ্বীপ যাব,1
আমি বৃহস্পতিবারে শ্রীলঙ্কা যাব,1
আমি বৃহস্পতিবারে সৌদি আরব যাব,1
আমি ভারত যাব,1
আমি ভার্সিটিতে পড়াশুনা করব,1
আমি ভার্সিটিতে যাবো,1
আমি ভুটান যাব,1
আমি মঙ্গলবার অফিসে যাব,1
আমি মঙ্গলবার অস্ট্রেলিয়া যাব,1
আমি মঙ্গলবার আফ্রিকা যাব,1
আমি মঙ্গলবার আমেরিকা যাবো,1
আমি মঙ্গলবার ইউরোপ যাব,1
আমি মঙ্গলবার এশিয়া যাব,1
আমি মঙ্গলবার বিদেশ যাব,1
আমি মঙ্গলবার স্কুল এ যাই,1
আমি মঙ্গলবারে ইংল্যান্ড যাব,1
আমি মঙ্গলবারে কানাডা যাব,1
আমি মঙ্গলবারে ক্রিকেট খেলি,1
আমি মঙ্গলবারে খেলাধুলা করি,1
আমি মঙ্গলবারে ঘুরতে যাই,1
আমি মঙ্গলবারে চিন যাবো,1
আমি মঙ্গলবারে জাপান যাবো,1
আমি মঙ্গলবারে নেপাল যাবো,1
আমি মঙ্গলবারে পাকিস্তান যাব,1
আমি মঙ্গলবারে বাড়িতে যাই,1
আমি মঙ্গলবারে ভারত যাব,1
আমি মঙ্গলবারে ভুটান যাব,1
আমি মঙ্গলবারে মসজিদে যাই,1
আমি মঙ্গলবারে মালদ্বীপ যাব,1
আমি মঙ্গলবারে রাশিয়া যাব,1
আমি মঙ্গলবারে রোজা রাখি,1
আমি মঙ্গলবারে শ্রীলংকা যাব,1
আমি মঙ্গলবারে সৌদি আরব,1
আমি মসজিদ এ যাবো,1
আমি মারছে ঘুরতে যাব,1
আমি মারছে বাড়িতে যাব,1
আমি মার্চ মাসে নেপাল যাবো,1
আমি মার্চ মাসে ভারত যাব,1
আমি মার্চে পাকিস্তান যাব,1
আমি মার্চে ভুটান যাব,1
আমি মার্চে মালদ্বীপ যাব,1
আমি মালদ্বীপ যাব,1
আমি মিটিং এ যাই,1
আমি মুখস্ত ভালো লাগে না,1
আমি মে তে পাকিস্তান যাব,1
আমি মে মাসে নেপাল যাব,1
আমি মে মাসে ভারত যাব,1
আমি মে মাসে ভুটান যাব,1
আমি মেধাবী শিক্ষার্থী,1
আমি রবিবার অফিস যাব,1
আমি রবিবার অস্ট্রেলিয়া যাব,1
আমি রবিবার আফ্রিকা যাব,1
আমি রবিবার আমেরিকা যাবো,1
আমি রবিবার ইউরোপ যাব,1
আমি রবিবার এশিয়া যাব,1
আমি রবিবার বিদেশ যাব,1
আমি রবিবার স্কুল এ যাই,1
আমি রবিবারে ইংল্যান্ড যাব,1
আমি রবিবারে কানাডা যাব,1
আমি রবিবারে ক্রিকেট খেলি,1
আমি রবিবারে খেলাধুলা করি,1
আমি রবিবারে ঘুরতে যাই,1
আমি রবিবারে চীন যাব,1
আমি রবিবারে জাপান যাবো,1
আমি রবিবারে নেপাল যাব,1
আমি রবিবারে পাকিস্তান যাব,1
আমি রবিবারে বাড়িতে যাই,1
আমি রবিবারে ভারত যাব,1
আমি রবিবারে ভুটান যাব,1
আমি রবিবারে মসজিদে যাই,1
আমি রবিবারে মালদ্বীপ যাব,1
আমি রবিবারে মুভি দেখতে যাব,1
আমি রবিবারে রাশিয়া যাব,1
আমি রবিবারে রোজা রাখি,1
আমি রবিবারে শ্রীলঙ্কা যাব,1
আমি রবিবারে সৌদি আরব যাব,1
আমি রাশিয়া যাব,1
আমি রেস্টুরেন্টে যাই,1
আমি শনিবার অস্ট্রেলিয়া যাব,1
আমি শনিবার আফ্রিকা যাব,1
আমি শনিবার আমেরিকা যাবো,1
আমি শনিবার ইউরোপ যাব,1
আমি শনিবার এ স্কুল এ যাই,1
আমি শনিবার এশিয়া যাব,1
আমি শনিবার বিদেশ যাব,1
আমি শনিবারে অফিসে যাব,1
আমি শনিবারে ইংল্যান্ড যাব,1
আমি শনিবারে কানাডা যাব,1
আমি শনিবারে ক্রিকেট খেলি,1
আমি শনিবারে খেলাধুলা করি,1
আমি শনিবারে চিন যাবো,1
আমি শনিবারে জাপান যাবো,1
আমি শনিবারে নেপাল যাবো,1
আমি শনিবারে পাকিস্তান যাব,1
আমি শনিবারে ভারত যাব,1
আমি শনিবারে ভুটান যাব,1
আমি শনিবারে মসজিদে যাই,1
আমি শনিবারে মালদ্বীপ যাব,1
আমি শনিবারে মুভি দেখতে যাব,1
আমি শনিবারে রোজা রাখি,1
আমি শনিবারে শ্রীলংকা যাব,1
আমি শনিবারে সৌদি আরব যাব,1
আমি শনিবারের রাশিয়া যাব,1
আমি শিক্ষার্থী,1
আমি শীতকালে বাড়িতে যাই,1
আমি শুক্রবার অফিস যাব,1
আমি শুক্রবার অস্ট্রেলিয়া যাব,1
আমি শুক্রবার আফ্রিকা যাব,1
আমি শুক্রবার আমেরিকা যাবো,1
আমি শুক্রবার ইংল্যান্ড যাব,1
আমি শুক্রবার ইউরোপ যাব,1
আমি শুক্রবার এ স্কুল এ যাই না,1
আমি শুক্রবার বিদেশ যাবো,1
আমি শুক্রবার মুভি দেখতে যাব,1
আমি শুক্রবার রাশিয়া যাব,1
আমি শুক্রবার রোজা রাখি,1
আমি শুক্রবারে এসে যাব,1
আমি শুক্রবারে কানাডা যাব,1
আমি শুক্রবারে ক্রিকেট খেলি,1
আমি শুক্রবারে খেলাধুলা করি,1
আমি শুক্রবারে ঘুরতে যাব,1
আমি শুক্রবারে চিন যাবো,1
আমি শুক্রবারে জাপান যাবো,1
আমি শুক্রবারে নেপাল যাবো,1
আমি শুক্রবারে পাকিস্তান যাব,1
আমি শুক্রবারে বাড়িতে যাব,1
আমি শুক্রবারে ভারত যাব,1
আমি শুক্রবারে ভুটান  যাব,1
আমি শুক্রবারে মালদ্বীপ যাব,1
আমি শুক্রবারে শ্রীলঙ্কা যাব,1
আমি শুক্রবারে সৌদি আরব যাব,1
আমি শ্রীলংকা যাব,1
আমি সংসদ ভবন এ যাবো,1
আমি সৃতিসৌধ যাবো,1
আমি সেপ্টেম্বরে ঘুরতে যাব,1
আমি সেপ্টেম্বরে নেপাল যাব,1
আমি সেপ্টেম্বরে পাকিস্তান যাব,1
আমি সেপ্টেম্বরে বাড়িতে যাব,1
আমি সেপ্টেম্বরে ভারত যাব,1
আমি সেপ্টেম্বরে ভুটান যাবো,1
আমি সৈনিক,1
আমি সোমবার অফিস যাব,1
আমি সোমবার অস্ট্রেলিয়া যাব,1
আমি সোমবার আফ্রিকা যাব,1
আমি সোমবার আমেরিকা যাবো,1
আমি সোমবার ইউরোপ যাব,1
আমি সোমবার এশিয়া যাব,1
আমি সোমবার বিদেশ যাব,1
আমি সোমবার স্কুল এ যাই,1
আমি সোমবারে ইংল্যান্ড যাব,1
আমি সোমবারে কানাডা যাব,1
আমি সোমবারে ক্রিকেট খেলি,1
আমি সোমবারে খেলাধুলা করি,1
আমি সোমবারে ঘুরতে যাই,1
আমি সোমবারে চিন যাবো,1
আমি সোমবারে জাপান যাবো,1
আমি সোমবারে নেপাল যাব,1
আমি সোমবারে পাকিস্তান যাব,1
আমি সোমবারে বাড়িতে যাই,1
আমি সোমবারে ভারত যাব,1
আমি সোমবারে ভুটান যাব,1
আমি সোমবারে মসজিদে যাই,1
আমি সোমবারে মালদ্বীপ যাব,1
আমি সোমবারে মুভি দেখতে যাব,1
